"任务","类型","区域","前置","初始状态","可重玩","地图点位数","目标清单","任务ID","出处"
"攻破营地","支线","轰鸣虫壳地","CA09","Locked","false","24","1. 铲除灾厄村民营地
2. 回到回响傀儡身边
3. 与回响傀儡对话 × 1","CAa1_S03_A","CarapaceA1_Quests.json#CAa1_S03_A"
"探秘灵液泉","支线","轰鸣虫壳地","CA09","Locked","false","27","1. 前往灵液池
2. 收集灵液硬壳
3. 前往幽匿泉
4. 收集灵液硬壳
5. 给沉睡的回响傀儡重新充能
6. 返回回响巢穴
7. 与回响傀儡对话 × 1","CAa1_S02_A","CarapaceA1_Quests.json#CAa1_S02_A"
"发抖的傀儡","支线","由任务场景决定","CA04","Locked","true","4","1. 追踪灾厄村民
2. 击败灾厄村民
3. 拾取灵魂方块 × 1
4. 回到回响傀儡身边
5. 放置灵魂方块 × 1","CT_S01_A","Caretaker_Quests.json#CT_S01_A"
"冻僵的傀儡","支线","由任务场景决定","CA05","Locked","false","5","1. 追踪灾厄村民
2. 击败灾厄村民
3. 拾取灵魂方块 × 1
4. 回到回响傀儡身边
5. 放置灵魂方块 × 1","CT_S02_A","Caretaker_Quests.json#CT_S02_A"
"打喷嚏的傀儡","支线","由任务场景决定","CA04","Locked","false","7","1. 追踪灾厄村民
2. 击败灾厄村民
3. 拾取灵魂方块 × 1
4. 回到回响傀儡身边
5. 放置灵魂方块 × 1","CT_S03_A","Caretaker_Quests.json#CT_S03_A"
"生锈的傀儡","支线","由任务场景决定","CA07","Locked","false","7","1. 追踪灾厄村民
2. 击败灾厄村民
3. 拾取灵魂方块 × 1
4. 回到回响傀儡身边
5. 放置灵魂方块 × 1","CT_S04_A","Caretaker_Quests.json#CT_S04_A"
"来自裂隙的灾厄村民","主线","蜜脾原野","CA00","Locked","false","58","1. 抵达城镇大门
2. 与村民对话 × 1
3. 找到钥匙傀儡
4. 打开大门
5. 击败灾厄村民
6. 击败灾厄村民
7. 与村民对话 × 1
8. 找到蜜脾农场
9. 击败灾厄村民 × 5
10. 与农夫对话 × 1
11. 抵达农夫的田地
12. 击败灵魂腐化怪物 × 2
13. 回到农夫身边
14. 与农夫对话 × 1
15. 调查灾厄村民的动向
16. 击败灾厄村民
17. 进入裂隙 × 1
18. 进入裂隙
19. 探索新维度
20. 击败灾厄村民
21. 返回主世界
22. 与农夫对话 × 1","CA01","Core_Quests.json#CA01"
"沉寂的小嚎村","主线","咆哮树林","CA01_B","Locked","false","57","1. 回到桥边
2. 与农夫对话 × 1
3. 替换损坏的拉杆 × 1
4. 抵达小嚎村
5. 打开大门 × 1
6. 调查小嚎村
7. 击败灾厄村民
8. 击败援军
9. 进入裂隙
10. 追击灾厄村民
11. 抚摸奇异生物 × 1
12. 抚摸奇异的生物
13. 击败狂暴的汐浮特
14. 找到回家的路
15. 击败狂暴的汐浮特
16. 查看生物的情况 × 1
17. 查看生物的情况
18. 返回主世界 × 1
19. 返回主世界
20. 与牧师对话 × 1","CA02","Core_Quests.json#CA02"
"探索深暗之域","主线","咆哮树林","CA02_B","Locked","false","33","1. 进入深暗之域
2. 沿洞穴前进
3. 突破灾厄村民的防线
4. 继续探索洞穴
5. 探索紫晶洞
6. 深入深渊
7. 击败监守者
8. 深入探索…
9. 打开大门 × 1
10. 打开大门
11. 击败扭曲监守者
12. 查看被困的回响傀儡
13. 营救回响傀儡 × 1","CA03","Core_Quests.json#CA03"
"丢失的音符盒","主线","咆哮树林","CA03","Locked","false","42","1. 返回勇者港湾
2. 找到制图师 × 1
3. 追上铁匠
4. 与铁匠对话 × 1
5. 找回被盗的斧头
6. 回到铁匠身边
7. 与铁匠对话 × 1
8. 把斧头交给樵夫
9. 保护樵夫
10. 与铁匠对话 × 1
11. 与铁匠对话 × 1
12. 返回勇者港湾
13. 找到铁匠的摊位
14. 与铁匠对话 × 1","CA04","Core_Quests.json#CA04"
"翻越冰封高地","主线","冰封要塞","CA07","Locked","false","60","1. 返回樵夫哨站
2. 与冰封高地村民对话 × 1
3. 抵达寒霜村
4. 搜寻幸存者 × 1
5. 找到大型沉船
6. 搜索沉船，寻找材料
7. 离开沉船
8. 击败灾厄村民
9. 找到小型沉船
10. 搜索沉船，寻找材料
11. 找到材料 × 1
12. 回到村民身边
13. 与村民对话 × 1
14. 与村民会合
15. 与村民对话 × 1
16. 搜查钓鱼小屋
17. 到要塞与幸存者会合
18. 与村民对话 × 1
19. 与村民对话
20. 寻找隐秘入口
21. 穿越要塞
22. 启动桥梁
23. 过桥
24. 穿越要塞
25. 找到要塞入口
26. 击败首席附魔师
27. 寻找音符盒
28. 收集音符盒 × 1
29. 收集音符盒
30. 找到要塞入口
31. 打开要塞的门
32. 解锁要塞的门 × 1
33. 解锁要塞的门","CA05","Core_Quests.json#CA05"
"归还音符盒","主线","深暗之域","CA05","Locked","false","11","1. 返回勇者港湾
2. 与制图师对话 × 1
3. 抵达深暗之域地道
4. 返回远古传送门
5. 激活传送门 × 1
6. 进入传送门 × 1","CA06","Core_Quests.json#CA06"
"穿越多雨平原","主线","多雨平原","CA04","Locked","false","67","1. 返回樵夫哨站
2. 与村民对话 × 1
3. 找到水洼池塘村
4. 找到水洼池塘村
5. 打听消息
6. 与发明家对话 × 1
7. 找到第一座桥
8. 放置灵液核心 × 1
9. 过桥
10. 找到白色塔楼的灵液核心
11. 找到通往橙色塔楼的桥
12. 放置灵液核心 × 1
13. 找到通往红色塔楼的桥
14. 放置灵液核心 × 1
15. 找到通往至尊唤魔者塔楼的桥
16. 放置灵液核心 × 1
17. 抵达至尊唤魔者塔楼
18. 进入至尊唤魔者塔楼
19. 寻找至尊唤魔者
20. 击退伏击
21. 查看村民的情况
22. 查看村民的情况 × 1
23. 追击至尊唤魔者
24. 调查铜块 × 1
25. 击败铜巨兽
26. 寻找音符盒
27. 收集音符盒 × 1
28. 返回水洼池塘村
29. 与村民对话 × 1","CA07","Core_Quests.json#CA07"
"未命名任务（CA04_BR）","首领重战","深暗之域","CA04","Locked","true","2","","CA04_BR","Core_Quests.json#CA04_BR"
"逃离鱿鱼海岸","主线","鱿鱼海岸","","Active","false","46","1. 返回营地
2. 击败怪物 × 5
3. 打开大门 × 1
4. 调查营地
5. 击败灾厄村民 × 3
6. 与村民对话 × 1
7. 营救村民
8. 在大门处与村民会合
9. 与村民对话 × 1
10. 打开大门 × 1
11. 清理通往码头的路
12. 击退伏击
13. 清理通往码头的路
14. 与村民对话 × 1
15. 与村民对话","CA00","Core_Quests.json#CA00"
"林中腐化","主线","咆哮树林","CA02_C","Locked","false","32","1. 返回小嚎村
2. 与村民对话 × 1
3. 前往咆哮树林深处
4. 寻找深暗之域洞穴
5. 与觅食者对话 × 1
6. 进入蜘蛛洞穴
7. 找到失踪的觅食者
8. 营救觅食者
9. 营救觅食者 × 1
10. 抵达洞穴尽头
11. 与觅食者对话 × 1
12. 抵达女巫小屋
13. 调查炼药锅 × 1
14. 击败女巫
15. 与觅食者对话 × 1","CA02_B","Core_Quests.json#CA02_B"
"消失的和声","主线","吟唱者草甸","CA06","Locked","false","59","1. 找到沉寂的回响傀儡
2. 找到沉寂的回响傀儡
3. 找到被偷走的灵魂方块
4. 击败灾厄村民
5. 查看回响傀儡的情况 × 1
6. 回去保护吟唱者
7. 守护吟唱者草甸
8. 查看吟唱者的情况 × 1","CA08","Core_Quests.json#CA08"
"幽匿者之怒","主线","轰鸣虫壳地","CA08_B","Locked","false","63","1. 抵达回响巢穴
2. 抵达回响巢穴
3. 与回响傀儡对话 × 1
4. 解救被俘的调音者
5. 穿过音乐之门
6. 找到通往安眠丘陵的通道
7. 与回响傀儡对话
8. 找到灵液核心
9. 击退伏击
10. 进入幽匿者巢穴
11. 搜查幽匿者巢穴
12. 击败君主
13. 找到灵液核心
14. 收集灵液核心
15. 回到回响傀儡身边
16. 放置灵液核心
17. 找到傀儡的同伴
18. 找到傀儡的同伴
19. 与回响傀儡对话 × 1","CA09","Core_Quests.json#CA09"
"最终魂战","主线","轰鸣虫壳地","CA09","Locked","false","73","1. 寻找回响傀儡
2. 调查该区域
3. 找到调音者
4. 打开音乐之门
5. 追上回响傀儡
6. 与回响傀儡对话 × 1
7. 击败灾厄村民
8. 查看受惊傀儡的情况 × 1
9. 与受惊的傀儡对话 × 1
10. 接受傀儡的灵魂方块 × 1
11. 放置灵魂方块 × 1
12. 设法穿越峡谷
13. 打开大门
14. 设法穿越峡谷
15. 击败红石巨兽
16. 穿越峡谷
17. 突袭要塞
18. 穿过庭院
19. 登上城墙
20. 肃清城墙
21. 挺过伏击
22. 肃清城墙
23. 跨越沟壑
24. 抵达传送门
25. 坚守阵地
26. 进入传送门
27. 沿着灵液管道前进
28. 调查实验 × 1
29. 击败至尊唤魔者
30. 击败至尊唤魔者
31. 击败巨构奇物
32. 击败巨构奇物
33. 拾取灵魂方块 × 1","CA10","Core_Quests.json#CA10"
"复活的首席附魔师","首领重战","冰封要塞","CA05","Locked","true","3","1. 进入竞技场
2. 击败首席附魔师","CA05_BR","Core_Quests.json#CA05_BR"
"复活的女巫","首领重战","咆哮树林","CA02_B","Locked","true","3","1. 接近女巫小屋
2. 击败女巫","CA02_B_BR","Core_Quests.json#CA02_B_BR"
"复活的扭曲监守者","首领重战","咆哮树林","CA03","Locked","true","3","1. 进入竞技场
2. 击败扭曲监守者","CA03_BR","Core_Quests.json#CA03_BR"
"复活的铜巨兽","首领重战","多雨平原","CA07","Locked","true","3","1. 进入竞技场
2. 击败铜巨兽","CA07_BR","Core_Quests.json#CA07_BR"
"失踪的商人","主线","蜜脾原野","CA01","Locked","false","23","1. 与桥边的村民对话 × 1
2. 找到商人
3. 营救商人
4. 与商人对话 × 1
5. 找回商人被偷走的物资
6. 在蜜脾农场和商人会合
7. 与商人对话 × 1
8. 前往勇者港湾
9. 找到商人的摊位
10. 与商人对话 × 1","CA01_B","Core_Quests.json#CA01_B"
"附魔匠的训练","主线","咆哮树林","CA02","Locked","false","35","1. 寻找治疗重击之书
2. 收集治疗重击之书 × 1
3. 寻找穿透之书
4. 收集穿透之书 × 1
5. 击败灾厄村民 × 5
6. 寻找远古炼金术之书
7. 进入许愿井
8. 寻找远古炼金术之书
9. 调查空讲台 × 1
10. 击败灾厄村民
11. 回到附魔匠身边
12. 交出附魔书 × 1
13. 返回勇者港湾
14. 找到附魔匠的摊位
15. 与附魔匠对话 × 1
16. 找到地牢入口
17. 进入地牢
18. 寻找远古炼金术之书
19. 收集远古炼金术之书 × 1
20. 挺过伏击
21. 离开地牢
22. 回到附魔匠身边
23. 与附魔匠对话 × 1","CA02_C","Core_Quests.json#CA02_C"
"复活的幽匿巨兽","首领重战","吟唱者草甸","CA08_B","Locked","true","3","1. 进入竞技场
2. 击败幽匿巨兽","CA09_BR","Core_Quests.json#CA09_BR"
"草甸巨兽","主线","吟唱者草甸","CA08","Locked","false","16","1. 抵达音乐之门
2. 找到通往轰鸣虫壳地的关口
3. 调查大门 × 1
4. 拔除灾厄村民旗帜
5. 返回灾厄村民大门
6. 穿过灾厄村民大门
7. 击败幽匿巨兽","CA08_B","Core_Quests.json#CA08_B"
"复活的红石巨兽","首领重战","安眠丘陵","CA10","Locked","true","2","1. 进入竞技场
2. 击败红石巨兽","CA10_BR_B","Core_Quests.json#CA10_BR_B"
"最终魂战：返场","首领重战","安眠丘陵","CA10","Locked","true","3","1. 进入竞技场
2. 击败至尊唤魔者
3. 调查实验 × 1
4. 击败巨构奇物","CA10_BR","Core_Quests.json#CA10_BR"
"灾厄村民情报","支线","冰封高地","CA05","Locked","false","68","1. 前往阿奇的废墟
2. 击退灾厄村民的伏击
3. 调查掉落的书页 × 1
4. 返回阿奇的废墟
5. 阅读符文
6. 与目标互动 × 1
7. 与目标互动 × 1
8. 与目标互动 × 1
9. 击败幽匿巨兽","DEa1_S12_A","DesertA1_Quests.json#DEa1_S12_A"
"隧道尽头的战斗","支线","冰封高地","CA05","Locked","false","51","1. 击败灾厄村民 × 10
2. 与矿工对话 × 1
3. 爬上山坡
4. 营救村民
5. 返回要塞
6. 进入要塞
7. 查看获救矿工的情况 × 1
8. 找到通往通道的门
9. 找到秘密通道
10. 穿越秘密通道
11. 找到灾厄村民部队
12. 击败灾厄村民部队
13. 回到矿工身边
14. 与矿工对话 × 1","DEa1_S13_A","DesertA1_Quests.json#DEa1_S13_A"
"外出钓鱼","支线","冰封高地","CA05","Locked","false","16","1. 前往冰洞
2. 找到冰洞
3. 找到冰洞
4. 打开大门 × 1
5. 找到破旧沉船
6. 寻找备用钥匙
7. 击败灾厄村民
8. 拾取钥匙 × 1
9. 返回冰洞
10. 解锁大门 × 1
11. 进入冰洞
12. 找到渔具
13. 击退伏击
14. 回到渔夫身边
15. 与渔夫对话 × 1","DEa1_S14_A","DesertA1_Quests.json#DEa1_S14_A"
"狼群一员","支线","咆哮树林","CA02_C","Locked","false","26","1. 跟随狼
2. 与狼对话 × 1
3. 寻找被抓走的狼
4. 击败灾厄村民偷猎者
5. 解救狼
6. 回到宠物狼身边 × 1
7. 跟随狼
8. 与狼对话 × 1
9. 下到井中
10. 击败灾厄村民偷猎者
11. 回到宠物狼身边 × 1","FOa1_S08_A","Forest_Quests.json#FOa1_S08_A"
"牧师学徒","支线","咆哮树林","CA02_B","Locked","false","13","1. 找到学徒
2. 与学徒对话 × 1
3. 击败蜘蛛
4. 营救学徒 × 1
5. 找到丢失的行囊
6. 拾取丢失的行囊 × 1
7. 把行囊带到小嚎村 × 1","FOa1_S10_A","Forest_Quests.json#FOa1_S10_A"
"汐浮特之怒","支线","吟唱者草甸","CA08","Locked","false","41","1. 前往荒野草甸
2. 与回响傀儡对话 × 1
3. 拔除灾厄村民的“树根”
4. 找到最后一面旗帜
5. 拔除灾厄村民的“树根” × 1
6. 击退伏击
7. 回到吟唱者身边
8. 与吟唱者对话 × 1","MEa1_S05_A","MeadowA1_Quests.json#MEa1_S05_A"
"晃墩墩快跑","支线","吟唱者草甸","CA08","Locked","false","22","1. 找到藏起来的晃墩墩
2. 把晃墩墩带到回响傀儡身边
3. 与回响傀儡对话 × 1
4. 找到晃墩墩
5. 找到晃墩墩
6. 找到晃墩墩
7. 回到回响傀儡身边
8. 与回响傀儡对话 × 1
9. 找到最后一只晃墩墩
10. 击败幽匿者 × 8
11. 与回响傀儡对话 × 1","MEa1_S06_A","MeadowA1_Quests.json#MEa1_S06_A"
"永远的朋友","支线","安眠丘陵","CA10","Locked","false","59","1. 找到灵魂方块
2. 收集灵魂方块 × 1
3. 回到回响傀儡身边
4. 放置灵魂方块 × 1
5. 摧毁灾厄村民的机器
6. 回到回响傀儡身边
7. 与回响傀儡对话 × 1","MEa2_S02_A","MeadowA2_Quests.json#MEa2_S02_A"
"安眠丘陵的孤寂","支线","安眠丘陵","MEa2_S02_A","Locked","false","30","1. 抵达灾厄村民要塞
2. 找到被偷走的灵魂方块
3. 回到回响傀儡身边
4. 放置灵魂方块
5. 与回响傀儡对话 × 1","MEa2_S03_A","MeadowA2_Quests.json#MEa2_S03_A"
"苦力怕蜡烛阴谋","支线","蜜脾原野","CA01","Locked","false","43","1. 查看蜡烛匠的情况
2. 与蜡烛匠对话 × 1
3. 前往蜡烛匠的工坊
4. 击退伏击 × 6
5. 击退伏击 × 6
6. 收集地窖钥匙 × 1
7. 找到食物地窖
8. 打开食物地窖 × 1
9. 进入食物地窖
10. 击退灾厄村民的伏击
11. 查看地图 × 1
12. 找到第一根苦力怕蜡烛
13. 击败灾厄村民 × 6
14. 拆除苦力怕蜡烛 × 1
15. 找到第二根苦力怕蜡烛
16. 击败灾厄村民 × 6
17. 拆除苦力怕蜡烛 × 1
18. 找到第三根苦力怕蜡烛
19. 击败灾厄村民 × 6
20. 拆除苦力怕蜡烛 × 1
21. 找到最后一根苦力怕蜡烛
22. 拆除苦力怕蜡烛
23. 击退灾厄村民伏击
24. 回到蜡烛匠身边
25. 与蜡烛匠对话 × 1","PLa1_S08_A","PlainsA1_Quests.json#PLa1_S08_A"
"养蜂人","支线","蜜脾原野","CA01","Locked","false","26","1. 找到木板，建造蜂箱
2. 收集木板，建造蜂箱
3. 回到养蜂人身边
4. 与养蜂人对话 × 1
5. 找个地方建造蜂箱
6. 击败怪物 × 3
7. 找个地方建造蜂箱 × 1
8. 找个地方建造蜂箱
9. 击败怪物 × 4
10. 勘察该区域 × 1
11. 找个地方建造蜂箱
12. 击败怪物 × 4
13. 勘察该区域 × 1
14. 找个地方建造蜂箱
15. 击败生物 × 6
16. 勘察该区域 × 1
17. 建造蜂箱
18. 与养蜂人对话 × 1","PLa1_S04_A","PlainsA1_Quests.json#PLa1_S04_A"
"回收巨兽","支线","多雨平原","CA07","Locked","false","15","1. 追击灾厄村民车队
2. 击败灾厄村民 × 5
3. 搜查装铜的木桶 × 1
4. 追击灾厄村民车队
5. 击败灾厄村民 × 5
6. 搜查装铜的木桶 × 1
7. 追击灾厄村民车队
8. 击败灾厄村民
9. 搜查装铜的木桶 × 1
10. 把铜带给发明家 × 1","PLa2_S15_A","PlainsA2_Quests.json#PLa2_S15_A"
"野花战士","支线","多雨平原","CA07","Locked","false","27","1. 找到失踪的采集者
2. 与采集者对话 × 1
3. 找一些漂亮花朵
4. 击败劫掠兽 × 7
5. 摘一些漂亮花朵
6. 找一些漂亮花朵
7. 击败劫掠兽 × 2
8. 摘一些漂亮花朵
9. 找一些漂亮花朵
10. 击败劫掠兽 × 8
11. 摘一些漂亮花朵
12. 把花带给采集者 × 1
13. 带采集者回家
14. 击败灾厄村民 × 1
15. 带采集者回家
16. 与采集者对话 × 1","PLa2_S16_A","PlainsA2_Quests.json#PLa2_S16_A"
"灾厄村民的非法试验","支线","多雨平原","CA07","Locked","false","27","1. 前往红色塔楼
2. 调查塔楼 × 1
3. 解救被抓走的村民
4. 解救被抓走的村民 × 1
5. 击败灾厄村民
6. 追踪灵魂腐化灾厄村民
7. 击败灵魂腐化灾厄村民 × 7
8. 追踪灵魂腐化灾厄村民
9. 击败灵魂腐化灾厄村民 × 9
10. 返回水洼池塘 × 1","PLa2_S17_A","PlainsA2_Quests.json#PLa2_S17_A"
"未命名任务（TOa1_S01_A）","支线","勇者港湾","CA03","Unavailable","false","0","1. 拜访勇者港湾的商人","TOa1_S01_A","Town_Quests.json#TOa1_S01_A"