"规则","所在区域","候选入口数","最少生成","最多生成","目的地","已打包","来源"
"DeepDarkA1","None","0","0","0","深暗之域","true","DT_ProceduralAreas.json#DeepDarkA1"
"Desert_A1_Fortress","None","0","0","0","冰封要塞；图书馆塔楼；冰封要塞","true","DT_ProceduralAreas.json#Desert_A1_Fortress"
"Desert_A1_IceLagoon","None","0","0","0","冰洞；冰洞；冰洞；冰洞；冰洞；冰洞","true","DT_ProceduralAreas.json#Desert_A1_IceLagoon"
"Plains_A1_Rifts","SW.Area.Plains.A1","8","2","2","汐浮；汐浮；汐浮；汐浮；汐浮","true","DT_ProceduralAreas.json#Plains_A1_Rifts"
"Plains_A1_Dungeons","SW.Area.Plains.A1","7","4","4","地牢；地牢；地牢；地牢","true","DT_ProceduralAreas.json#Plains_A1_Dungeons"
"Plains_A2_Rifts","SW.Area.Plains.A2","10","3","3","汐浮；汐浮；汐浮；汐浮；汐浮","true","DT_ProceduralAreas.json#Plains_A2_Rifts"
"Plains_A2_Dungeons","SW.Area.Plains.A2","9","4","4","地牢；地牢；地牢；地牢；地牢","true","DT_ProceduralAreas.json#Plains_A2_Dungeons"
"Forest_A1_Rifts","SW.Area.Forest.A1","12","3","3","汐浮；汐浮；汐浮；汐浮；汐浮","true","DT_ProceduralAreas.json#Forest_A1_Rifts"
"Forest_A1_Dungeons","SW.Area.Forest.A1","12","4","4","地牢；地牢；地牢；地牢；地牢","true","DT_ProceduralAreas.json#Forest_A1_Dungeons"
"Forest_A1_SpiderCaves","SW.Area.Forest.A1","0","0","0","蜘蛛洞穴；蜘蛛洞穴；蜘蛛洞穴","true","DT_ProceduralAreas.json#Forest_A1_SpiderCaves"
"Desert_A1_Rifts","SW.Area.Desert.A1","16","4","4","汐浮；汐浮；汐浮；汐浮；汐浮","true","DT_ProceduralAreas.json#Desert_A1_Rifts"
"Desert_A1_Dungeons","SW.Area.Desert.A1","11","4","4","地牢；地牢；地牢；地牢；地牢","true","DT_ProceduralAreas.json#Desert_A1_Dungeons"
"Meadow_A1_Ravines","SW.Area.Meadow.A1","10","4","4","峡谷；峡谷；峡谷；峡谷；峡谷","true","DT_ProceduralAreas.json#Meadow_A1_Ravines"
"Carapace_A1_Ravines","SW.Area.Carapace.A1","5","2","2","峡谷；峡谷；峡谷；峡谷；峡谷","true","DT_ProceduralAreas.json#Carapace_A1_Ravines"
"Meadow_A2_Ravines","SW.Area.Meadow.A2","7","3","3","峡谷；峡谷；峡谷；峡谷；峡谷","true","DT_ProceduralAreas.json#Meadow_A2_Ravines"
"MeadowT1_Rift","SW.Area.Forest.A1","0","0","0","汐浮","true","DT_ProceduralAreas.json#MeadowT1_Rift"
"Meadow_T1_Boss","None","0","0","0","汐浮","true","DT_ProceduralAreas.json#Meadow_T1_Boss"
"Ravines_T1_Boss","SW.Area.Carapace.A1","0","0","0","峡谷","true","DT_ProceduralAreas.json#Ravines_T1_Boss"
"DeepDark_T1_Boss","None","0","0","0","地牢","true","DT_ProceduralAreas.json#DeepDark_T1_Boss"
"Lush_T1_Boss","None","0","0","0","繁茂洞穴","true","DT_ProceduralAreas.json#Lush_T1_Boss"
"Deep_Dark_Tutorial","SW.Area.Plains.A1","0","0","0","地牢","true","DT_ProceduralAreas.json#Deep_Dark_Tutorial"