来源ID,来源名,类别,掉落槽,保底次数,随机次数,随机触发率,继承父池,目标标签,权重,操作,出处
SW.PropActor.PicnicBlanket,PropActor.PicnicBlanket,通用,SW.LootSlot.Consumable,1,0,,False,SW.Item.Consumable.Food,100000,Set,DT_LootSourceDefinition.json#PicnicBlanket
SW.PropActor.PicnicBlanket,PropActor.PicnicBlanket,通用,SW.LootSlot.Consumable,1,0,,False,SW.Item.Consumable.Throwable.TNT,1,Set,DT_LootSourceDefinition.json#PicnicBlanket
SW.PropActor.PicnicBlanket,PropActor.PicnicBlanket,通用,SW.LootSlot.Consumable,1,0,,False,SW.Item.ExceptFromDefaultLootTables,0,Multiply,DT_LootSourceDefinition.json#PicnicBlanket
SW.NPC.VillageMerchant,城镇商人,通用,SW.LootSlot.Item,1,0,,False,SW.Item.Property.Armor,2,Set,DT_LootSourceDefinition.json#VillageMerchant
SW.NPC.VillageMerchant,城镇商人,通用,SW.LootSlot.Item,1,0,,False,SW.Item.Property.MeleeWeapon,2,Set,DT_LootSourceDefinition.json#VillageMerchant
SW.NPC.VillageMerchant,城镇商人,通用,SW.LootSlot.Item,1,0,,False,SW.Item.Property.RangedWeapon,2,Set,DT_LootSourceDefinition.json#VillageMerchant
SW.NPC.VillageMerchant,城镇商人,通用,SW.LootSlot.Item,1,0,,False,SW.Item.Property.Artifact,1,Set,DT_LootSourceDefinition.json#VillageMerchant
SW.NPC.VillageMerchant,城镇商人,通用,SW.LootSlot.Item,1,0,,False,SW.Item.Property.Unique,0,Multiply,DT_LootSourceDefinition.json#VillageMerchant
SW.NPC.VillageMerchant,城镇商人,通用,SW.LootSlot.Item,1,0,,False,SW.Item.ExceptFromDefaultLootTables,0,Multiply,DT_LootSourceDefinition.json#VillageMerchant
SW.LootSource.Pot.Emerald,LootSource.Pot.Emerald,通用,SW.LootSlot.Emeralds,1,4,0.5,False,SW.Item.Currency.Emerald,5,Set,DT_LootSourceDefinition.json#EmeraldPot
SW.LootSource.Pot.SpringStone,LootSource.Pot.SpringStone,通用,SW.LootSlot.SpringStone,3,5,0.5,False,SW.Item.Currency.SpringStone,1,Set,DT_LootSourceDefinition.json#SpringStonePot
SW.SoulStorm.StorminatorSpawned,SoulStorm.StorminatorSpawned,通用,SW.LootSlot.Item,0,0,,True,SW.Item.Property.Gear,0,Multiply,DT_LootSourceDefinition.json#StorminatorSpawned
SW.LootSource.EnchantmentBooksAll,LootSource.EnchantmentBooksAll,通用,SW.LootSlot.EnchantedBook,0,0,,False,SW.Item.Property.EnchantmentBook,100000,Set,DT_LootSourceDefinition.json#AllEnchantmentBooks
SW.LootSource.EnchantmentBooksAll,LootSource.EnchantmentBooksAll,通用,SW.LootSlot.EnchantedBook,0,0,,False,SW.Item.Currency.SpringStone,1,Set,DT_LootSourceDefinition.json#AllEnchantmentBooks
SW.LootSource.EnchantmentBooksExcludeQuestBooks,LootSource.EnchantmentBooksExcludeQuestBooks,通用,"(TagName="""")",0,0,,False,SW.Item.EnchantmentBook.Piercing,0,Multiply,DT_LootSourceDefinition.json#EnchantmentBooksExcludeQuestBooks
SW.LootSource.EnchantmentBooksExcludeQuestBooks,LootSource.EnchantmentBooksExcludeQuestBooks,通用,"(TagName="""")",0,0,,False,SW.Item.EnchantmentBook.Radiance,0,Multiply,DT_LootSourceDefinition.json#EnchantmentBooksExcludeQuestBooks
SW.LootSource.EnchantmentBooksExcludeQuestBooks,LootSource.EnchantmentBooksExcludeQuestBooks,通用,"(TagName="""")",0,0,,False,SW.Item.EnchantmentBook.SoulInfusedPotion,0,Multiply,DT_LootSourceDefinition.json#EnchantmentBooksExcludeQuestBooks
SW.LootSource.EnchantmentBooks.Common,LootSource.EnchantmentBooks.Common,通用,SW.LootSlot.EnchantedBook,0,0,,False,SW.Item.EnchantmentBook.FireAspect,1000,Set,DT_LootSourceDefinition.json#EnchantmentBooksCommon
SW.LootSource.EnchantmentBooks.Common,LootSource.EnchantmentBooks.Common,通用,SW.LootSlot.EnchantedBook,0,0,,False,SW.Item.EnchantmentBook.FrostCrescent,1000,Set,DT_LootSourceDefinition.json#EnchantmentBooksCommon
SW.LootSource.EnchantmentBooks.Common,LootSource.EnchantmentBooks.Common,通用,SW.LootSlot.EnchantedBook,0,0,,False,SW.Item.EnchantmentBook.PoisonFog,1000,Set,DT_LootSourceDefinition.json#EnchantmentBooksCommon
SW.LootSource.EnchantmentBooks.Common,LootSource.EnchantmentBooks.Common,通用,SW.LootSlot.EnchantedBook,0,0,,False,SW.Item.EnchantmentBook.Channeling,1000,Set,DT_LootSourceDefinition.json#EnchantmentBooksCommon
SW.LootSource.EnchantmentBooks.Common,LootSource.EnchantmentBooks.Common,通用,SW.LootSlot.EnchantedBook,0,0,,False,SW.Item.EnchantmentBook.Dynamo,1000,Set,DT_LootSourceDefinition.json#EnchantmentBooksCommon
SW.LootSource.EnchantmentBooks.Common,LootSource.EnchantmentBooks.Common,通用,SW.LootSlot.EnchantedBook,0,0,,False,SW.Item.EnchantmentBook.Thundering,1000,Set,DT_LootSourceDefinition.json#EnchantmentBooksCommon
SW.LootSource.EnchantmentBooks.Common,LootSource.EnchantmentBooks.Common,通用,SW.LootSlot.EnchantedBook,0,0,,False,SW.Item.EnchantmentBook.Borealis,1000,Set,DT_LootSourceDefinition.json#EnchantmentBooksCommon
SW.LootSource.EnchantmentBooks.Common,LootSource.EnchantmentBooks.Common,通用,SW.LootSlot.EnchantedBook,0,0,,False,SW.Item.EnchantmentBook.ExpandedQuiver,1000,Set,DT_LootSourceDefinition.json#EnchantmentBooksCommon
SW.LootSource.EnchantmentBooks.Common,LootSource.EnchantmentBooks.Common,通用,SW.LootSlot.EnchantedBook,0,0,,False,SW.Item.EnchantmentBook.PotionSharing,1000,Set,DT_LootSourceDefinition.json#EnchantmentBooksCommon
SW.LootSource.EnchantmentBooks.Common,LootSource.EnchantmentBooks.Common,通用,SW.LootSlot.EnchantedBook,0,0,,False,SW.Item.EnchantmentBook.Blowback,1000,Set,DT_LootSourceDefinition.json#EnchantmentBooksCommon
SW.LootSource.EnchantmentBooks.Common,LootSource.EnchantmentBooks.Common,通用,SW.LootSlot.EnchantedBook,0,0,,False,SW.Item.EnchantmentBook.Unstoppable,1000,Set,DT_LootSourceDefinition.json#EnchantmentBooksCommon
SW.LootSource.EnchantmentBooks.Common,LootSource.EnchantmentBooks.Common,通用,SW.LootSlot.EnchantedBook,0,0,,False,SW.Item.Currency.SpringStone,1,Set,DT_LootSourceDefinition.json#EnchantmentBooksCommon
SW.LootSource.EnchantmentBooks.DeepDark,LootSource.EnchantmentBooks.DeepDark,通用,SW.LootSlot.EnchantedBook,0,0,,False,SW.Item.EnchantmentBook.Ricochet,2000,Set,DT_LootSourceDefinition.json#EnchantmentBooksDeepDark
SW.LootSource.EnchantmentBooks.DeepDark,LootSource.EnchantmentBooks.DeepDark,通用,SW.LootSlot.EnchantedBook,0,0,,False,SW.Item.EnchantmentBook.SpringLoaded,2000,Set,DT_LootSourceDefinition.json#EnchantmentBooksDeepDark
SW.LootSource.EnchantmentBooks.DeepDark,LootSource.EnchantmentBooks.DeepDark,通用,SW.LootSlot.EnchantedBook,0,0,,False,SW.Item.EnchantmentBook.ShadowStrike,2000,Set,DT_LootSourceDefinition.json#EnchantmentBooksDeepDark
SW.LootSource.EnchantmentBooks.DeepDark,LootSource.EnchantmentBooks.DeepDark,通用,SW.LootSlot.EnchantedBook,0,0,,False,SW.Item.EnchantmentBook.Shockwave,2000,Set,DT_LootSourceDefinition.json#EnchantmentBooksDeepDark
SW.LootSource.EnchantmentBooks.DeepDark,LootSource.EnchantmentBooks.DeepDark,通用,SW.LootSlot.EnchantedBook,0,0,,False,SW.Item.EnchantmentBook.TempoTheft,2000,Set,DT_LootSourceDefinition.json#EnchantmentBooksDeepDark
SW.LootSource.EnchantmentBooks.DeepDark,LootSource.EnchantmentBooks.DeepDark,通用,SW.LootSlot.EnchantedBook,0,0,,False,SW.Item.EnchantmentBook.MultiRoll,2000,Set,DT_LootSourceDefinition.json#EnchantmentBooksDeepDark
SW.LootSource.EnchantmentBooks.DeepDark,LootSource.EnchantmentBooks.DeepDark,通用,SW.LootSlot.EnchantedBook,0,0,,False,SW.Item.Currency.SpringStone,1,Set,DT_LootSourceDefinition.json#EnchantmentBooksDeepDark
SW.LootSource.EnchantmentBooks.Meadow,LootSource.EnchantmentBooks.Meadow,通用,SW.LootSlot.EnchantedBook,0,0,,False,SW.Item.EnchantmentBook.BurstBowstring,2000,Set,DT_LootSourceDefinition.json#EnchantmentBooksMeadow
SW.LootSource.EnchantmentBooks.Meadow,LootSource.EnchantmentBooks.Meadow,通用,SW.LootSlot.EnchantedBook,0,0,,False,SW.Item.EnchantmentBook.CriticalQuiver,2000,Set,DT_LootSourceDefinition.json#EnchantmentBooksMeadow
SW.LootSource.EnchantmentBooks.Meadow,LootSource.EnchantmentBooks.Meadow,通用,SW.LootSlot.EnchantedBook,0,0,,False,SW.Item.EnchantmentBook.LingeringPower,2000,Set,DT_LootSourceDefinition.json#EnchantmentBooksMeadow
SW.LootSource.EnchantmentBooks.Meadow,LootSource.EnchantmentBooks.Meadow,通用,SW.LootSlot.EnchantedBook,0,0,,False,SW.Item.EnchantmentBook.Swirling,2000,Set,DT_LootSourceDefinition.json#EnchantmentBooksMeadow
SW.LootSource.EnchantmentBooks.Meadow,LootSource.EnchantmentBooks.Meadow,通用,SW.LootSlot.EnchantedBook,0,0,,False,SW.Item.EnchantmentBook.PotionBarrier,2000,Set,DT_LootSourceDefinition.json#EnchantmentBooksMeadow
SW.LootSource.EnchantmentBooks.Meadow,LootSource.EnchantmentBooks.Meadow,通用,SW.LootSlot.EnchantedBook,0,0,,False,SW.Item.EnchantmentBook.GuardingStrike,2000,Set,DT_LootSourceDefinition.json#EnchantmentBooksMeadow
SW.LootSource.EnchantmentBooks.Meadow,LootSource.EnchantmentBooks.Meadow,通用,SW.LootSlot.EnchantedBook,0,0,,False,SW.Item.Currency.SpringStone,1,Set,DT_LootSourceDefinition.json#EnchantmentBooksMeadow
SW.LootSource.EnchantmentBooks.Ravines,LootSource.EnchantmentBooks.Ravines,通用,SW.LootSlot.EnchantedBook,0,0,,False,SW.Item.EnchantmentBook.ChainReaction,2000,Set,DT_LootSourceDefinition.json#EnchantmentBooksRavines
SW.LootSource.EnchantmentBooks.Ravines,LootSource.EnchantmentBooks.Ravines,通用,SW.LootSlot.EnchantedBook,0,0,,False,SW.Item.EnchantmentBook.MultiPotion,2000,Set,DT_LootSourceDefinition.json#EnchantmentBooksRavines
SW.LootSource.EnchantmentBooks.Ravines,LootSource.EnchantmentBooks.Ravines,通用,SW.LootSlot.EnchantedBook,0,0,,False,SW.Item.EnchantmentBook.SoulAspect,2000,Set,DT_LootSourceDefinition.json#EnchantmentBooksRavines
SW.LootSource.EnchantmentBooks.Ravines,LootSource.EnchantmentBooks.Ravines,通用,SW.LootSlot.EnchantedBook,0,0,,False,SW.Item.EnchantmentBook.GravityPulse,2000,Set,DT_LootSourceDefinition.json#EnchantmentBooksRavines
SW.LootSource.EnchantmentBooks.Ravines,LootSource.EnchantmentBooks.Ravines,通用,SW.LootSlot.EnchantedBook,0,0,,False,SW.Item.EnchantmentBook.Arcane,2000,Set,DT_LootSourceDefinition.json#EnchantmentBooksRavines
SW.LootSource.EnchantmentBooks.Ravines,LootSource.EnchantmentBooks.Ravines,通用,SW.LootSlot.EnchantedBook,0,0,,False,SW.Item.EnchantmentBook.HealthSynergy,2000,Set,DT_LootSourceDefinition.json#EnchantmentBooksRavines
SW.LootSource.EnchantmentBooks.Ravines,LootSource.EnchantmentBooks.Ravines,通用,SW.LootSlot.EnchantedBook,0,0,,False,SW.Item.Currency.SpringStone,1,Set,DT_LootSourceDefinition.json#EnchantmentBooksRavines
SW.Area.Plains.A1,蜜脾原野,区域,SW.LootSlot.Item,0,0,,True,SW.Item.Sword,1,Set,DT_LootSourceDefinition_Area.json#PlainsA1
SW.Area.Plains.A1,蜜脾原野,区域,SW.LootSlot.Item,0,0,,True,SW.Item.Mace,1,Set,DT_LootSourceDefinition_Area.json#PlainsA1
SW.Area.Plains.A1,蜜脾原野,区域,SW.LootSlot.Item,0,0,,True,SW.Item.Rapier,1,Set,DT_LootSourceDefinition_Area.json#PlainsA1
SW.Area.Plains.A1,蜜脾原野,区域,SW.LootSlot.Item,0,0,,True,SW.Item.Greatsword,1,Set,DT_LootSourceDefinition_Area.json#PlainsA1
SW.Area.Plains.A1,蜜脾原野,区域,SW.LootSlot.Item,0,0,,True,SW.Item.Sickles,1,Set,DT_LootSourceDefinition_Area.json#PlainsA1
SW.Area.Plains.A1,蜜脾原野,区域,SW.LootSlot.Item,0,0,,True,SW.Item.Bow,1,Set,DT_LootSourceDefinition_Area.json#PlainsA1
SW.Area.Plains.A1,蜜脾原野,区域,SW.LootSlot.Item,0,0,,True,SW.Item.Powerbow,1,Set,DT_LootSourceDefinition_Area.json#PlainsA1
SW.Area.Plains.A1,蜜脾原野,区域,SW.LootSlot.Item,0,0,,True,SW.Item.Crossbow,1,Set,DT_LootSourceDefinition_Area.json#PlainsA1
SW.Area.Plains.A1,蜜脾原野,区域,SW.LootSlot.Item,0,0,,True,SW.Item.Artifact.PoisonBracelet,1,Set,DT_LootSourceDefinition_Area.json#PlainsA1
SW.Area.Plains.A1,蜜脾原野,区域,SW.LootSlot.Item,0,0,,True,SW.Item.Artifact.FightersFife,1,Set,DT_LootSourceDefinition_Area.json#PlainsA1
SW.Area.Plains.A1,蜜脾原野,区域,SW.LootSlot.Item,0,0,,True,SW.Item.Artifact.RallyingHorn,1,Set,DT_LootSourceDefinition_Area.json#PlainsA1
SW.Area.Plains.A1,蜜脾原野,区域,SW.LootSlot.Item,0,0,,True,SW.Item.Artifact.WardingChimes,1,Set,DT_LootSourceDefinition_Area.json#PlainsA1
SW.Area.Plains.A1,蜜脾原野,区域,SW.LootSlot.Item,0,0,,True,SW.Item.Artifact.CorruptedBeacon,1,Set,DT_LootSourceDefinition_Area.json#PlainsA1
SW.Area.Plains.A1,蜜脾原野,区域,SW.LootSlot.Item,0,0,,True,SW.Item.Artifact.Satchel.Freezing,1,Set,DT_LootSourceDefinition_Area.json#PlainsA1
SW.Area.Plains.A1,蜜脾原野,区域,SW.LootSlot.Item,0,0,,True,SW.Item.Artifact.Honeypot,1,Set,DT_LootSourceDefinition_Area.json#PlainsA1
SW.Area.Plains.A1,蜜脾原野,区域,SW.LootSlot.Item,0,0,,True,SW.Item.Artifact.CreeperCandle,1,Set,DT_LootSourceDefinition_Area.json#PlainsA1
SW.Area.Plains.A1,蜜脾原野,区域,SW.LootSlot.Item,0,0,,True,SW.Item.ArmorSet.Mystic,1,Set,DT_LootSourceDefinition_Area.json#PlainsA1
SW.Area.Plains.A1,蜜脾原野,区域,SW.LootSlot.Item,0,0,,True,SW.Item.ArmorSet.RealmReacher,1,Set,DT_LootSourceDefinition_Area.json#PlainsA1
SW.Area.Plains.A1,蜜脾原野,区域,SW.LootSlot.Item,0,0,,True,SW.Item.ArmorSet.Undaunted,1,Set,DT_LootSourceDefinition_Area.json#PlainsA1
SW.Area.Plains.A1,蜜脾原野,区域,SW.LootSlot.Item,0,0,,True,SW.Item.ArmorSet.Honey,1,Set,DT_LootSourceDefinition_Area.json#PlainsA1
SW.Area.Plains.A1,蜜脾原野,区域,SW.LootSlot.Item,0,0,,True,SW.Item.Artifact.FireworkQuiver,1,Set,DT_LootSourceDefinition_Area.json#PlainsA1
SW.Area.Forest.A1,咆哮树林,区域,SW.LootSlot.Item,0,0,,True,SW.Item.Axe,1,Set,DT_LootSourceDefinition_Area.json#ForestA1
SW.Area.Forest.A1,咆哮树林,区域,SW.LootSlot.Item,0,0,,True,SW.Item.Shovel,1,Set,DT_LootSourceDefinition_Area.json#ForestA1
SW.Area.Forest.A1,咆哮树林,区域,SW.LootSlot.Item,0,0,,True,SW.Item.ShortSpear,1,Set,DT_LootSourceDefinition_Area.json#ForestA1
SW.Area.Forest.A1,咆哮树林,区域,SW.LootSlot.Item,0,0,,True,SW.Item.CurvedLongsword,1,Set,DT_LootSourceDefinition_Area.json#ForestA1
SW.Area.Forest.A1,咆哮树林,区域,SW.LootSlot.Item,0,0,,True,SW.Item.Claws,1,Set,DT_LootSourceDefinition_Area.json#ForestA1
SW.Area.Forest.A1,咆哮树林,区域,SW.LootSlot.Item,0,0,,True,SW.Item.MoonSword,1,Set,DT_LootSourceDefinition_Area.json#ForestA1
SW.Area.Forest.A1,咆哮树林,区域,SW.LootSlot.Item,0,0,,True,SW.Item.Pickaxe,1,Set,DT_LootSourceDefinition_Area.json#ForestA1
SW.Area.Forest.A1,咆哮树林,区域,SW.LootSlot.Item,0,0,,True,SW.Item.Daggers,1,Set,DT_LootSourceDefinition_Area.json#ForestA1
SW.Area.Forest.A1,咆哮树林,区域,SW.LootSlot.Item,0,0,,True,SW.Item.Dagger,1,Set,DT_LootSourceDefinition_Area.json#ForestA1
SW.Area.Forest.A1,咆哮树林,区域,SW.LootSlot.Item,0,0,,True,SW.Item.Sabre,1,Set,DT_LootSourceDefinition_Area.json#ForestA1
SW.Area.Forest.A1,咆哮树林,区域,SW.LootSlot.Item,0,0,,True,SW.Item.Glaive,1,Set,DT_LootSourceDefinition_Area.json#ForestA1
SW.Area.Forest.A1,咆哮树林,区域,SW.LootSlot.Item,0,0,,True,SW.Item.Battlestaff,1,Set,DT_LootSourceDefinition_Area.json#ForestA1
SW.Area.Forest.A1,咆哮树林,区域,SW.LootSlot.Item,0,0,,True,SW.Item.Longbow,1,Set,DT_LootSourceDefinition_Area.json#ForestA1
SW.Area.Forest.A1,咆哮树林,区域,SW.LootSlot.Item,0,0,,True,SW.Item.ScatterCrossbow,1,Set,DT_LootSourceDefinition_Area.json#ForestA1
SW.Area.Forest.A1,咆哮树林,区域,SW.LootSlot.Item,0,0,,True,SW.Item.HeavyCrossbow,1,Set,DT_LootSourceDefinition_Area.json#ForestA1
SW.Area.Forest.A1,咆哮树林,区域,SW.LootSlot.Item,0,0,,True,SW.Item.Greatbow,1,Set,DT_LootSourceDefinition_Area.json#ForestA1
SW.Area.Forest.A1,咆哮树林,区域,SW.LootSlot.Item,0,0,,True,SW.Item.RapidCrossbow,1,Set,DT_LootSourceDefinition_Area.json#ForestA1
SW.Area.Forest.A1,咆哮树林,区域,SW.LootSlot.Item,0,0,,True,SW.Item.Artifact.CorruptedSeeds,1,Set,DT_LootSourceDefinition_Area.json#ForestA1
SW.Area.Forest.A1,咆哮树林,区域,SW.LootSlot.Item,0,0,,True,SW.Item.Artifact.Satchel.Conductive,1,Set,DT_LootSourceDefinition_Area.json#ForestA1
SW.Area.Forest.A1,咆哮树林,区域,SW.LootSlot.Item,0,0,,True,SW.Item.Artifact.IronHideLute,1,Set,DT_LootSourceDefinition_Area.json#ForestA1
SW.Area.Forest.A1,咆哮树林,区域,SW.LootSlot.Item,0,0,,True,SW.Item.Artifact.TotemOfShielding,1,Set,DT_LootSourceDefinition_Area.json#ForestA1
SW.Area.Forest.A1,咆哮树林,区域,SW.LootSlot.Item,0,0,,True,SW.Item.Artifact.BlizzardStaff,1,Set,DT_LootSourceDefinition_Area.json#ForestA1
SW.Area.Forest.A1,咆哮树林,区域,SW.LootSlot.Item,0,0,,True,SW.Item.Artifact.DeathcapMushroom,1,Set,DT_LootSourceDefinition_Area.json#ForestA1
SW.Area.Forest.A1,咆哮树林,区域,SW.LootSlot.Item,0,0,,True,SW.Item.Artifact.SmokeBomb,1,Set,DT_LootSourceDefinition_Area.json#ForestA1
SW.Area.Forest.A1,咆哮树林,区域,SW.LootSlot.Item,0,0,,True,SW.Item.Artifact.WitchesBrew,1,Set,DT_LootSourceDefinition_Area.json#ForestA1
SW.Area.Forest.A1,咆哮树林,区域,SW.LootSlot.Item,0,0,,True,SW.Item.ArmorSet.Wolfclutch,1,Set,DT_LootSourceDefinition_Area.json#ForestA1
SW.Area.Forest.A1,咆哮树林,区域,SW.LootSlot.Item,0,0,,True,SW.Item.ArmorSet.Disciple,1,Set,DT_LootSourceDefinition_Area.json#ForestA1
SW.Area.Forest.A1,咆哮树林,区域,SW.LootSlot.Item,0,0,,True,SW.Item.ArmorSet.Phantom,1,Set,DT_LootSourceDefinition_Area.json#ForestA1
SW.Area.Forest.A1,咆哮树林,区域,SW.LootSlot.Item,0,0,,True,SW.Item.ArmorSet.Mushroom,1,Set,DT_LootSourceDefinition_Area.json#ForestA1
SW.Area.Forest.A1,咆哮树林,区域,SW.LootSlot.Item,0,0,,True,SW.Item.Artifact.PoisonQuiver,1,Set,DT_LootSourceDefinition_Area.json#ForestA1
SW.Area.DeepDark.A1,深暗之域,区域,SW.LootSlot.Item,0,0,,True,SW.Item.Axe,1,Set,DT_LootSourceDefinition_Area.json#DeepDarkA1
SW.Area.DeepDark.A1,深暗之域,区域,SW.LootSlot.Item,0,0,,True,SW.Item.Shovel,1,Set,DT_LootSourceDefinition_Area.json#DeepDarkA1
SW.Area.DeepDark.A1,深暗之域,区域,SW.LootSlot.Item,0,0,,True,SW.Item.Pickaxe,1,Set,DT_LootSourceDefinition_Area.json#DeepDarkA1
SW.Area.DeepDark.A1,深暗之域,区域,SW.LootSlot.Item,0,0,,True,SW.Item.Daggers,1,Set,DT_LootSourceDefinition_Area.json#DeepDarkA1
SW.Area.DeepDark.A1,深暗之域,区域,SW.LootSlot.Item,0,0,,True,SW.Item.CurvedLongsword,1,Set,DT_LootSourceDefinition_Area.json#DeepDarkA1
SW.Area.DeepDark.A1,深暗之域,区域,SW.LootSlot.Item,0,0,,True,SW.Item.Dagger,1,Set,DT_LootSourceDefinition_Area.json#DeepDarkA1
SW.Area.DeepDark.A1,深暗之域,区域,SW.LootSlot.Item,0,0,,True,SW.Item.Pike,1,Set,DT_LootSourceDefinition_Area.json#DeepDarkA1
SW.Area.DeepDark.A1,深暗之域,区域,SW.LootSlot.Item,0,0,,True,SW.Item.Scythe,1,Set,DT_LootSourceDefinition_Area.json#DeepDarkA1
SW.Area.DeepDark.A1,深暗之域,区域,SW.LootSlot.Item,0,0,,True,SW.Item.Cleaver,1,Set,DT_LootSourceDefinition_Area.json#DeepDarkA1
SW.Area.DeepDark.A1,深暗之域,区域,SW.LootSlot.Item,0,0,,True,SW.Item.Bow,1,Set,DT_LootSourceDefinition_Area.json#DeepDarkA1
SW.Area.DeepDark.A1,深暗之域,区域,SW.LootSlot.Item,0,0,,True,SW.Item.HeavyCrossbow,1,Set,DT_LootSourceDefinition_Area.json#DeepDarkA1
SW.Area.DeepDark.A1,深暗之域,区域,SW.LootSlot.Item,0,0,,True,SW.Item.Trickbow,1,Set,DT_LootSourceDefinition_Area.json#DeepDarkA1
SW.Area.DeepDark.A1,深暗之域,区域,SW.LootSlot.Item,0,0,,True,SW.Item.DualCrossbow,1,Set,DT_LootSourceDefinition_Area.json#DeepDarkA1
SW.Area.DeepDark.A1,深暗之域,区域,SW.LootSlot.Item,0,0,,True,SW.Item.Artifact.Powershaker,1,Set,DT_LootSourceDefinition_Area.json#DeepDarkA1
SW.Area.DeepDark.A1,深暗之域,区域,SW.LootSlot.Item,0,0,,True,SW.Item.Artifact.ConductiveBracelet,1,Set,DT_LootSourceDefinition_Area.json#DeepDarkA1
SW.Area.DeepDark.A1,深暗之域,区域,SW.LootSlot.Item,0,0,,True,SW.Item.Artifact.Grindstone,1,Set,DT_LootSourceDefinition_Area.json#DeepDarkA1
SW.Area.DeepDark.A1,深暗之域,区域,SW.LootSlot.Item,0,0,,True,SW.Item.Artifact.RedstoneMines,1,Set,DT_LootSourceDefinition_Area.json#DeepDarkA1
SW.Area.DeepDark.A1,深暗之域,区域,SW.LootSlot.Item,0,0,,True,SW.Item.Artifact.WarriorsDrums,1,Set,DT_LootSourceDefinition_Area.json#DeepDarkA1
SW.Area.DeepDark.A1,深暗之域,区域,SW.LootSlot.Item,0,0,,True,SW.Item.Artifact.CorruptedSeeds,1,Set,DT_LootSourceDefinition_Area.json#DeepDarkA1
SW.Area.DeepDark.A1,深暗之域,区域,SW.LootSlot.Item,0,0,,True,SW.Item.Artifact.Satchel.Conductive,1,Set,DT_LootSourceDefinition_Area.json#DeepDarkA1
SW.Area.DeepDark.A1,深暗之域,区域,SW.LootSlot.Item,0,0,,True,SW.Item.Artifact.IronHideLute,1,Set,DT_LootSourceDefinition_Area.json#DeepDarkA1
SW.Area.DeepDark.A1,深暗之域,区域,SW.LootSlot.Item,0,0,,True,SW.Item.Artifact.TotemOfShielding,1,Set,DT_LootSourceDefinition_Area.json#DeepDarkA1
SW.Area.DeepDark.A1,深暗之域,区域,SW.LootSlot.Item,0,0,,True,SW.Item.ArmorSet.Mystic,1,Set,DT_LootSourceDefinition_Area.json#DeepDarkA1
SW.Area.DeepDark.A1,深暗之域,区域,SW.LootSlot.Item,0,0,,True,SW.Item.ArmorSet.Disciple,1,Set,DT_LootSourceDefinition_Area.json#DeepDarkA1
SW.Area.DeepDark.A1,深暗之域,区域,SW.LootSlot.Item,0,0,,True,SW.Item.ArmorSet.CaveCrawler,1,Set,DT_LootSourceDefinition_Area.json#DeepDarkA1
SW.Area.DeepDark.A1,深暗之域,区域,SW.LootSlot.Item,0,0,,True,SW.Item.ArmorSet.Stalwart,1,Set,DT_LootSourceDefinition_Area.json#DeepDarkA1
SW.Area.DeepDark.A1,深暗之域,区域,SW.LootSlot.Item,0,0,,True,SW.Item.ArmorSet.Redstone,1,Set,DT_LootSourceDefinition_Area.json#DeepDarkA1
SW.Area.DeepDark.A1,深暗之域,区域,SW.LootSlot.Item,0,0,,True,SW.Item.Artifact.FlameQuiver,1,Set,DT_LootSourceDefinition_Area.json#DeepDarkA1
SW.Area.Desert.A1,冰封高地,区域,SW.LootSlot.Item,0,0,,True,SW.Item.Sabre,1,Set,DT_LootSourceDefinition_Area.json#Desert
SW.Area.Desert.A1,冰封高地,区域,SW.LootSlot.Item,0,0,,True,SW.Item.Glaive,1,Set,DT_LootSourceDefinition_Area.json#Desert
SW.Area.Desert.A1,冰封高地,区域,SW.LootSlot.Item,0,0,,True,SW.Item.Battlestaff,1,Set,DT_LootSourceDefinition_Area.json#Desert
SW.Area.Desert.A1,冰封高地,区域,SW.LootSlot.Item,0,0,,True,SW.Item.Gauntlet,1,Set,DT_LootSourceDefinition_Area.json#Desert
SW.Area.Desert.A1,冰封高地,区域,SW.LootSlot.Item,0,0,,True,SW.Item.Claymore,1,Set,DT_LootSourceDefinition_Area.json#Desert
SW.Area.Desert.A1,冰封高地,区域,SW.LootSlot.Item,0,0,,True,SW.Item.WarHammer,1,Set,DT_LootSourceDefinition_Area.json#Desert
SW.Area.Desert.A1,冰封高地,区域,SW.LootSlot.Item,0,0,,True,SW.Item.Mace,1,Set,DT_LootSourceDefinition_Area.json#Desert
SW.Area.Desert.A1,冰封高地,区域,SW.LootSlot.Item,0,0,,True,SW.Item.Rapier,1,Set,DT_LootSourceDefinition_Area.json#Desert
SW.Area.Desert.A1,冰封高地,区域,SW.LootSlot.Item,0,0,,True,SW.Item.Sickles,1,Set,DT_LootSourceDefinition_Area.json#Desert
SW.Area.Desert.A1,冰封高地,区域,SW.LootSlot.Item,0,0,,True,SW.Item.ShortSpear,1,Set,DT_LootSourceDefinition_Area.json#Desert
SW.Area.Desert.A1,冰封高地,区域,SW.LootSlot.Item,0,0,,True,SW.Item.Claws,1,Set,DT_LootSourceDefinition_Area.json#Desert
SW.Area.Desert.A1,冰封高地,区域,SW.LootSlot.Item,0,0,,True,SW.Item.MoonSword,1,Set,DT_LootSourceDefinition_Area.json#Desert
SW.Area.Desert.A1,冰封高地,区域,SW.LootSlot.Item,0,0,,True,SW.Item.Shortbow,1,Set,DT_LootSourceDefinition_Area.json#Desert
SW.Area.Desert.A1,冰封高地,区域,SW.LootSlot.Item,0,0,,True,SW.Item.RapidCrossbow,1,Set,DT_LootSourceDefinition_Area.json#Desert
SW.Area.Desert.A1,冰封高地,区域,SW.LootSlot.Item,0,0,,True,SW.Item.Powerbow,1,Set,DT_LootSourceDefinition_Area.json#Desert
SW.Area.Desert.A1,冰封高地,区域,SW.LootSlot.Item,0,0,,True,SW.Item.Longbow,1,Set,DT_LootSourceDefinition_Area.json#Desert
SW.Area.Desert.A1,冰封高地,区域,SW.LootSlot.Item,0,0,,True,SW.Item.Artifact.CarapaceOcarina,1,Set,DT_LootSourceDefinition_Area.json#Desert
SW.Area.Desert.A1,冰封高地,区域,SW.LootSlot.Item,0,0,,True,SW.Item.Artifact.LightningRod,1,Set,DT_LootSourceDefinition_Area.json#Desert
SW.Area.Desert.A1,冰封高地,区域,SW.LootSlot.Item,0,0,,True,SW.Item.Artifact.MaimingMushroom,1,Set,DT_LootSourceDefinition_Area.json#Desert
SW.Area.Desert.A1,冰封高地,区域,SW.LootSlot.Item,0,0,,True,SW.Item.Artifact.PoisonBracelet,1,Set,DT_LootSourceDefinition_Area.json#Desert
SW.Area.Desert.A1,冰封高地,区域,SW.LootSlot.Item,0,0,,True,SW.Item.Artifact.FightersFife,1,Set,DT_LootSourceDefinition_Area.json#Desert
SW.Area.Desert.A1,冰封高地,区域,SW.LootSlot.Item,0,0,,True,SW.Item.Artifact.RallyingHorn,1,Set,DT_LootSourceDefinition_Area.json#Desert
SW.Area.Desert.A1,冰封高地,区域,SW.LootSlot.Item,0,0,,True,SW.Item.Artifact.WardingChimes,1,Set,DT_LootSourceDefinition_Area.json#Desert
SW.Area.Desert.A1,冰封高地,区域,SW.LootSlot.Item,0,0,,True,SW.Item.ArmorSet.Scavenger,1,Set,DT_LootSourceDefinition_Area.json#Desert
SW.Area.Desert.A1,冰封高地,区域,SW.LootSlot.Item,0,0,,True,SW.Item.ArmorSet.Evocation,1,Set,DT_LootSourceDefinition_Area.json#Desert
SW.Area.Desert.A1,冰封高地,区域,SW.LootSlot.Item,0,0,,True,SW.Item.ArmorSet.Voyager,1,Set,DT_LootSourceDefinition_Area.json#Desert
SW.Area.Desert.A1,冰封高地,区域,SW.LootSlot.Item,0,0,,True,SW.Item.ArmorSet.Frostrime,1,Set,DT_LootSourceDefinition_Area.json#Desert
SW.Area.Desert.A1,冰封高地,区域,SW.LootSlot.Item,0,0,,True,SW.Item.Artifact.FrostQuiver,1,Set,DT_LootSourceDefinition_Area.json#Desert
SW.Area.Peaks.A1,余烬峭壁,区域,SW.LootSlot.Item,0,0,,True,SW.Item.Pickaxe,1,Set,DT_LootSourceDefinition_Area.json#Peaks
SW.Area.Peaks.A1,余烬峭壁,区域,SW.LootSlot.Item,0,0,,True,SW.Item.GiantClub,1,Set,DT_LootSourceDefinition_Area.json#Peaks
SW.Area.Peaks.A1,余烬峭壁,区域,SW.LootSlot.Item,0,0,,True,SW.Item.ArmorSet.Redstone,4,Set,DT_LootSourceDefinition_Area.json#Peaks
SW.Area.Peaks.A1,余烬峭壁,区域,SW.LootSlot.Item,0,0,,True,SW.Item.Artifact.RedstoneMines,1,Set,DT_LootSourceDefinition_Area.json#Peaks
SW.Area.Plains.A2,多雨平原,区域,SW.LootSlot.Item,0,0,,True,SW.Item.CurvedGreatsword,1,Set,DT_LootSourceDefinition_Area.json#PlainsA2
SW.Area.Plains.A2,多雨平原,区域,SW.LootSlot.Item,0,0,,True,SW.Item.Hammer,1,Set,DT_LootSourceDefinition_Area.json#PlainsA2
SW.Area.Plains.A2,多雨平原,区域,SW.LootSlot.Item,0,0,,True,SW.Item.StraightSword,1,Set,DT_LootSourceDefinition_Area.json#PlainsA2
SW.Area.Plains.A2,多雨平原,区域,SW.LootSlot.Item,0,0,,True,SW.Item.Daggers,1,Set,DT_LootSourceDefinition_Area.json#PlainsA2
SW.Area.Plains.A2,多雨平原,区域,SW.LootSlot.Item,0,0,,True,SW.Item.CurvedLongsword,1,Set,DT_LootSourceDefinition_Area.json#PlainsA2
SW.Area.Plains.A2,多雨平原,区域,SW.LootSlot.Item,0,0,,True,SW.Item.Dagger,1,Set,DT_LootSourceDefinition_Area.json#PlainsA2
SW.Area.Plains.A2,多雨平原,区域,SW.LootSlot.Item,0,0,,True,SW.Item.Sword,1,Set,DT_LootSourceDefinition_Area.json#PlainsA2
SW.Area.Plains.A2,多雨平原,区域,SW.LootSlot.Item,0,0,,True,SW.Item.Greatsword,1,Set,DT_LootSourceDefinition_Area.json#PlainsA2
SW.Area.Plains.A2,多雨平原,区域,SW.LootSlot.Item,0,0,,True,SW.Item.Gauntlet,1,Set,DT_LootSourceDefinition_Area.json#PlainsA2
SW.Area.Plains.A2,多雨平原,区域,SW.LootSlot.Item,0,0,,True,SW.Item.Claymore,1,Set,DT_LootSourceDefinition_Area.json#PlainsA2
SW.Area.Plains.A2,多雨平原,区域,SW.LootSlot.Item,0,0,,True,SW.Item.WarHammer,1,Set,DT_LootSourceDefinition_Area.json#PlainsA2
SW.Area.Plains.A2,多雨平原,区域,SW.LootSlot.Item,0,0,,True,SW.Item.Trickbow,1,Set,DT_LootSourceDefinition_Area.json#PlainsA2
SW.Area.Plains.A2,多雨平原,区域,SW.LootSlot.Item,0,0,,True,SW.Item.Greatbow,1,Set,DT_LootSourceDefinition_Area.json#PlainsA2
SW.Area.Plains.A2,多雨平原,区域,SW.LootSlot.Item,0,0,,True,SW.Item.DualCrossbow,1,Set,DT_LootSourceDefinition_Area.json#PlainsA2
SW.Area.Plains.A2,多雨平原,区域,SW.LootSlot.Item,0,0,,True,SW.Item.Bow,1,Set,DT_LootSourceDefinition_Area.json#PlainsA2
SW.Area.Plains.A2,多雨平原,区域,SW.LootSlot.Item,0,0,,True,SW.Item.ScatterCrossbow,1,Set,DT_LootSourceDefinition_Area.json#PlainsA2
SW.Area.Plains.A2,多雨平原,区域,SW.LootSlot.Item,0,0,,True,SW.Item.Artifact.FireBracelet,1,Set,DT_LootSourceDefinition_Area.json#PlainsA2
SW.Area.Plains.A2,多雨平原,区域,SW.LootSlot.Item,0,0,,True,SW.Item.Artifact.Satchel.Poison,1,Set,DT_LootSourceDefinition_Area.json#PlainsA2
SW.Area.Plains.A2,多雨平原,区域,SW.LootSlot.Item,0,0,,True,SW.Item.Artifact.PicnicBlanket,1,Set,DT_LootSourceDefinition_Area.json#PlainsA2
SW.Area.Plains.A2,多雨平原,区域,SW.LootSlot.Item,0,0,,True,SW.Item.Artifact.TotemOfRegeneration,1,Set,DT_LootSourceDefinition_Area.json#PlainsA2
SW.Area.Plains.A2,多雨平原,区域,SW.LootSlot.Item,0,0,,True,SW.Item.Artifact.FlameSceptre,1,Set,DT_LootSourceDefinition_Area.json#PlainsA2
SW.Area.Plains.A2,多雨平原,区域,SW.LootSlot.Item,0,0,,True,SW.Item.Artifact.HasteMushroom,1,Set,DT_LootSourceDefinition_Area.json#PlainsA2
SW.Area.Plains.A2,多雨平原,区域,SW.LootSlot.Item,0,0,,True,SW.Item.Artifact.SoulHarvester,1,Set,DT_LootSourceDefinition_Area.json#PlainsA2
SW.Area.Plains.A2,多雨平原,区域,SW.LootSlot.Item,0,0,,True,SW.Item.Artifact.TotemOfCasting,1,Set,DT_LootSourceDefinition_Area.json#PlainsA2
SW.Area.Plains.A2,多雨平原,区域,SW.LootSlot.Item,0,0,,True,SW.Item.ArmorSet.Scamp,1,Set,DT_LootSourceDefinition_Area.json#PlainsA2
SW.Area.Plains.A2,多雨平原,区域,SW.LootSlot.Item,0,0,,True,SW.Item.ArmorSet.RealmReacher,1,Set,DT_LootSourceDefinition_Area.json#PlainsA2
SW.Area.Plains.A2,多雨平原,区域,SW.LootSlot.Item,0,0,,True,SW.Item.ArmorSet.HewnBark,1,Set,DT_LootSourceDefinition_Area.json#PlainsA2
SW.Area.Plains.A2,多雨平原,区域,SW.LootSlot.Item,0,0,,True,SW.Item.ArmorSet.Timeworn,1,Set,DT_LootSourceDefinition_Area.json#PlainsA2
SW.Area.Plains.A2,多雨平原,区域,SW.LootSlot.Item,0,0,,True,SW.Item.Artifact.LightningQuiver,1,Set,DT_LootSourceDefinition_Area.json#PlainsA2
SW.Area.Meadow.A1,吟唱者草甸,区域,SW.LootSlot.Item,0,0,,True,SW.Item.Sword,1,Set,DT_LootSourceDefinition_Area.json#MeadowA1
SW.Area.Meadow.A1,吟唱者草甸,区域,SW.LootSlot.Item,0,0,,True,SW.Item.Greatsword,1,Set,DT_LootSourceDefinition_Area.json#MeadowA1
SW.Area.Meadow.A1,吟唱者草甸,区域,SW.LootSlot.Item,0,0,,True,SW.Item.CurvedGreatsword,1,Set,DT_LootSourceDefinition_Area.json#MeadowA1
SW.Area.Meadow.A1,吟唱者草甸,区域,SW.LootSlot.Item,0,0,,True,SW.Item.Hammer,1,Set,DT_LootSourceDefinition_Area.json#MeadowA1
SW.Area.Meadow.A1,吟唱者草甸,区域,SW.LootSlot.Item,0,0,,True,SW.Item.StraightSword,1,Set,DT_LootSourceDefinition_Area.json#MeadowA1
SW.Area.Meadow.A1,吟唱者草甸,区域,SW.LootSlot.Item,0,0,,True,SW.Item.GreatAxe,1,Set,DT_LootSourceDefinition_Area.json#MeadowA1
SW.Area.Meadow.A1,吟唱者草甸,区域,SW.LootSlot.Item,0,0,,True,SW.Item.GiantClub,1,Set,DT_LootSourceDefinition_Area.json#MeadowA1
SW.Area.Meadow.A1,吟唱者草甸,区域,SW.LootSlot.Item,0,0,,True,SW.Item.GiantMallet,1,Set,DT_LootSourceDefinition_Area.json#MeadowA1
SW.Area.Meadow.A1,吟唱者草甸,区域,SW.LootSlot.Item,0,0,,True,SW.Item.Powerbow,1,Set,DT_LootSourceDefinition_Area.json#MeadowA1
SW.Area.Meadow.A1,吟唱者草甸,区域,SW.LootSlot.Item,0,0,,True,SW.Item.Longbow,1,Set,DT_LootSourceDefinition_Area.json#MeadowA1
SW.Area.Meadow.A1,吟唱者草甸,区域,SW.LootSlot.Item,0,0,,True,SW.Item.Trickbow,1,Set,DT_LootSourceDefinition_Area.json#MeadowA1
SW.Area.Meadow.A1,吟唱者草甸,区域,SW.LootSlot.Item,0,0,,True,SW.Item.Artifact.FlameSceptre,1,Set,DT_LootSourceDefinition_Area.json#MeadowA1
SW.Area.Meadow.A1,吟唱者草甸,区域,SW.LootSlot.Item,0,0,,True,SW.Item.Artifact.HasteMushroom,1,Set,DT_LootSourceDefinition_Area.json#MeadowA1
SW.Area.Meadow.A1,吟唱者草甸,区域,SW.LootSlot.Item,0,0,,True,SW.Item.Artifact.SoulHarvester,1,Set,DT_LootSourceDefinition_Area.json#MeadowA1
SW.Area.Meadow.A1,吟唱者草甸,区域,SW.LootSlot.Item,0,0,,True,SW.Item.Artifact.TotemOfCasting,1,Set,DT_LootSourceDefinition_Area.json#MeadowA1
SW.Area.Meadow.A1,吟唱者草甸,区域,SW.LootSlot.Item,0,0,,True,SW.Item.Artifact.FrostBracelet,1,Set,DT_LootSourceDefinition_Area.json#MeadowA1
SW.Area.Meadow.A1,吟唱者草甸,区域,SW.LootSlot.Item,0,0,,True,SW.Item.Artifact.Satchel.Fire,1,Set,DT_LootSourceDefinition_Area.json#MeadowA1
SW.Area.Meadow.A1,吟唱者草甸,区域,SW.LootSlot.Item,0,0,,True,SW.Item.Artifact.Powershaker,1,Set,DT_LootSourceDefinition_Area.json#MeadowA1
SW.Area.Meadow.A1,吟唱者草甸,区域,SW.LootSlot.Item,0,0,,True,SW.Item.Artifact.WarBanner,1,Set,DT_LootSourceDefinition_Area.json#MeadowA1
SW.Area.Meadow.A1,吟唱者草甸,区域,SW.LootSlot.Item,0,0,,True,SW.Item.ArmorSet.Scamp,1,Set,DT_LootSourceDefinition_Area.json#MeadowA1
SW.Area.Meadow.A1,吟唱者草甸,区域,SW.LootSlot.Item,0,0,,True,SW.Item.ArmorSet.Voyager,1,Set,DT_LootSourceDefinition_Area.json#MeadowA1
SW.Area.Meadow.A1,吟唱者草甸,区域,SW.LootSlot.Item,0,0,,True,SW.Item.ArmorSet.Wellspring,1,Set,DT_LootSourceDefinition_Area.json#MeadowA1
SW.Area.Meadow.A1,吟唱者草甸,区域,SW.LootSlot.Item,0,0,,True,SW.Item.ArmorSet.HewnBark,1,Set,DT_LootSourceDefinition_Area.json#MeadowA1
SW.Area.Meadow.A1,吟唱者草甸,区域,SW.LootSlot.Item,0,0,,True,SW.Item.Artifact.LightningQuiver,1,Set,DT_LootSourceDefinition_Area.json#MeadowA1
SW.Area.Fungus.A1,孢子荒原,区域,SW.LootSlot.Item,0,0,,True,,,,DT_LootSourceDefinition_Area.json#Fungus
SW.Area.Carapace.A1,轰鸣虫壳地,区域,SW.LootSlot.Item,0,0,,True,SW.Item.GreatAxe,1,Set,DT_LootSourceDefinition_Area.json#CarapaceA1
SW.Area.Carapace.A1,轰鸣虫壳地,区域,SW.LootSlot.Item,0,0,,True,SW.Item.GiantClub,1,Set,DT_LootSourceDefinition_Area.json#CarapaceA1
SW.Area.Carapace.A1,轰鸣虫壳地,区域,SW.LootSlot.Item,0,0,,True,SW.Item.GiantMallet,1,Set,DT_LootSourceDefinition_Area.json#CarapaceA1
SW.Area.Carapace.A1,轰鸣虫壳地,区域,SW.LootSlot.Item,0,0,,True,SW.Item.Pike,11,Set,DT_LootSourceDefinition_Area.json#CarapaceA1
SW.Area.Carapace.A1,轰鸣虫壳地,区域,SW.LootSlot.Item,0,0,,True,SW.Item.Scythe,1,Set,DT_LootSourceDefinition_Area.json#CarapaceA1
SW.Area.Carapace.A1,轰鸣虫壳地,区域,SW.LootSlot.Item,0,0,,True,SW.Item.Cleaver,1,Set,DT_LootSourceDefinition_Area.json#CarapaceA1
SW.Area.Carapace.A1,轰鸣虫壳地,区域,SW.LootSlot.Item,0,0,,True,SW.Item.Axe,1,Set,DT_LootSourceDefinition_Area.json#CarapaceA1
SW.Area.Carapace.A1,轰鸣虫壳地,区域,SW.LootSlot.Item,0,0,,True,SW.Item.Shovel,1,Set,DT_LootSourceDefinition_Area.json#CarapaceA1
SW.Area.Carapace.A1,轰鸣虫壳地,区域,SW.LootSlot.Item,0,0,,True,SW.Item.Pickaxe,1,Set,DT_LootSourceDefinition_Area.json#CarapaceA1
SW.Area.Carapace.A1,轰鸣虫壳地,区域,SW.LootSlot.Item,0,0,,True,SW.Item.CurvedGreatsword,1,Set,DT_LootSourceDefinition_Area.json#CarapaceA1
SW.Area.Carapace.A1,轰鸣虫壳地,区域,SW.LootSlot.Item,0,0,,True,SW.Item.Hammer,1,Set,DT_LootSourceDefinition_Area.json#CarapaceA1
SW.Area.Carapace.A1,轰鸣虫壳地,区域,SW.LootSlot.Item,0,0,,True,SW.Item.StraightSword,1,Set,DT_LootSourceDefinition_Area.json#CarapaceA1
SW.Area.Carapace.A1,轰鸣虫壳地,区域,SW.LootSlot.Item,0,0,,True,SW.Item.Crossbow,1,Set,DT_LootSourceDefinition_Area.json#CarapaceA1
SW.Area.Carapace.A1,轰鸣虫壳地,区域,SW.LootSlot.Item,0,0,,True,SW.Item.HeavyCrossbow,1,Set,DT_LootSourceDefinition_Area.json#CarapaceA1
SW.Area.Carapace.A1,轰鸣虫壳地,区域,SW.LootSlot.Item,0,0,,True,SW.Item.Greatbow,1,Set,DT_LootSourceDefinition_Area.json#CarapaceA1
SW.Area.Carapace.A1,轰鸣虫壳地,区域,SW.LootSlot.Item,0,0,,True,SW.Item.Shortbow,1,Set,DT_LootSourceDefinition_Area.json#CarapaceA1
SW.Area.Carapace.A1,轰鸣虫壳地,区域,SW.LootSlot.Item,0,0,,True,SW.Item.Artifact.FrostBracelet,1,Set,DT_LootSourceDefinition_Area.json#CarapaceA1
SW.Area.Carapace.A1,轰鸣虫壳地,区域,SW.LootSlot.Item,0,0,,True,SW.Item.Artifact.Satchel.Fire,1,Set,DT_LootSourceDefinition_Area.json#CarapaceA1
SW.Area.Carapace.A1,轰鸣虫壳地,区域,SW.LootSlot.Item,0,0,,True,SW.Item.Artifact.Powershaker,1,Set,DT_LootSourceDefinition_Area.json#CarapaceA1
SW.Area.Carapace.A1,轰鸣虫壳地,区域,SW.LootSlot.Item,0,0,,True,SW.Item.Artifact.WarBanner,1,Set,DT_LootSourceDefinition_Area.json#CarapaceA1
SW.Area.Carapace.A1,轰鸣虫壳地,区域,SW.LootSlot.Item,0,0,,True,SW.Item.Artifact.CarapaceOcarina,1,Set,DT_LootSourceDefinition_Area.json#CarapaceA1
SW.Area.Carapace.A1,轰鸣虫壳地,区域,SW.LootSlot.Item,0,0,,True,SW.Item.Artifact.LightningRod,1,Set,DT_LootSourceDefinition_Area.json#CarapaceA1
SW.Area.Carapace.A1,轰鸣虫壳地,区域,SW.LootSlot.Item,0,0,,True,SW.Item.Artifact.MaimingMushroom,1,Set,DT_LootSourceDefinition_Area.json#CarapaceA1
SW.Area.Carapace.A1,轰鸣虫壳地,区域,SW.LootSlot.Item,0,0,,True,SW.Item.ArmorSet.Phantom,1,Set,DT_LootSourceDefinition_Area.json#CarapaceA1
SW.Area.Carapace.A1,轰鸣虫壳地,区域,SW.LootSlot.Item,0,0,,True,SW.Item.ArmorSet.Frostrime,1,Set,DT_LootSourceDefinition_Area.json#CarapaceA1
SW.Area.Carapace.A1,轰鸣虫壳地,区域,SW.LootSlot.Item,0,0,,True,SW.Item.ArmorSet.Wellspring,1,Set,DT_LootSourceDefinition_Area.json#CarapaceA1
SW.Area.Carapace.A1,轰鸣虫壳地,区域,SW.LootSlot.Item,0,0,,True,SW.Item.ArmorSet.Stalwart,1,Set,DT_LootSourceDefinition_Area.json#CarapaceA1
SW.Area.Carapace.A1,轰鸣虫壳地,区域,SW.LootSlot.Item,0,0,,True,SW.Item.Artifact.FireworkQuiver,1,Set,DT_LootSourceDefinition_Area.json#CarapaceA1
SW.Area.Carapace.A1,轰鸣虫壳地,区域,SW.LootSlot.Item,0,0,,True,SW.Item.Artifact.FlameQuiver,1,Set,DT_LootSourceDefinition_Area.json#CarapaceA1
SW.Area.Ravines,峡谷,区域,SW.LootSlot.Item,0,0,,True,SW.Item.Mace,1,Set,DT_LootSourceDefinition_Area.json#Ravines
SW.Area.Ravines,峡谷,区域,SW.LootSlot.Item,0,0,,True,SW.Item.Rapier,1,Set,DT_LootSourceDefinition_Area.json#Ravines
SW.Area.Ravines,峡谷,区域,SW.LootSlot.Item,0,0,,True,SW.Item.Sickles,1,Set,DT_LootSourceDefinition_Area.json#Ravines
SW.Area.Ravines,峡谷,区域,SW.LootSlot.Item,0,0,,True,SW.Item.Sabre,1,Set,DT_LootSourceDefinition_Area.json#Ravines
SW.Area.Ravines,峡谷,区域,SW.LootSlot.Item,0,0,,True,SW.Item.Glaive,1,Set,DT_LootSourceDefinition_Area.json#Ravines
SW.Area.Ravines,峡谷,区域,SW.LootSlot.Item,0,0,,True,SW.Item.Battlestaff,1,Set,DT_LootSourceDefinition_Area.json#Ravines
SW.Area.Ravines,峡谷,区域,SW.LootSlot.Item,0,0,,True,SW.Item.GreatAxe,1,Set,DT_LootSourceDefinition_Area.json#Ravines
SW.Area.Ravines,峡谷,区域,SW.LootSlot.Item,0,0,,True,SW.Item.GiantClub,1,Set,DT_LootSourceDefinition_Area.json#Ravines
SW.Area.Ravines,峡谷,区域,SW.LootSlot.Item,0,0,,True,SW.Item.GiantMallet,1,Set,DT_LootSourceDefinition_Area.json#Ravines
SW.Area.Ravines,峡谷,区域,SW.LootSlot.Item,0,0,,True,SW.Item.Crossbow,1,Set,DT_LootSourceDefinition_Area.json#Ravines
SW.Area.Ravines,峡谷,区域,SW.LootSlot.Item,0,0,,True,SW.Item.Greatbow,1,Set,DT_LootSourceDefinition_Area.json#Ravines
SW.Area.Ravines,峡谷,区域,SW.LootSlot.Item,0,0,,True,SW.Item.RapidCrossbow,1,Set,DT_LootSourceDefinition_Area.json#Ravines
SW.Area.Ravines,峡谷,区域,SW.LootSlot.Item,0,0,,True,SW.Item.Artifact.BlizzardStaff,1,Set,DT_LootSourceDefinition_Area.json#Ravines
SW.Area.Ravines,峡谷,区域,SW.LootSlot.Item,0,0,,True,SW.Item.Artifact.DeathcapMushroom,1,Set,DT_LootSourceDefinition_Area.json#Ravines
SW.Area.Ravines,峡谷,区域,SW.LootSlot.Item,0,0,,True,SW.Item.Artifact.SmokeBomb,1,Set,DT_LootSourceDefinition_Area.json#Ravines
SW.Area.Ravines,峡谷,区域,SW.LootSlot.Item,0,0,,True,SW.Item.Artifact.WitchesBrew,1,Set,DT_LootSourceDefinition_Area.json#Ravines
SW.Area.Ravines,峡谷,区域,SW.LootSlot.Item,0,0,,True,SW.Item.Artifact.FireBracelet,1,Set,DT_LootSourceDefinition_Area.json#Ravines
SW.Area.Ravines,峡谷,区域,SW.LootSlot.Item,0,0,,True,SW.Item.Artifact.Satchel.Poison,1,Set,DT_LootSourceDefinition_Area.json#Ravines
SW.Area.Ravines,峡谷,区域,SW.LootSlot.Item,0,0,,True,SW.Item.Artifact.PicnicBlanket,1,Set,DT_LootSourceDefinition_Area.json#Ravines
SW.Area.Ravines,峡谷,区域,SW.LootSlot.Item,0,0,,True,SW.Item.Artifact.TotemOfRegeneration,1,Set,DT_LootSourceDefinition_Area.json#Ravines
SW.Area.Ravines,峡谷,区域,SW.LootSlot.Item,0,0,,True,SW.Item.ArmorSet.Wolfclutch,1,Set,DT_LootSourceDefinition_Area.json#Ravines
SW.Area.Ravines,峡谷,区域,SW.LootSlot.Item,0,0,,True,SW.Item.ArmorSet.Evocation,1,Set,DT_LootSourceDefinition_Area.json#Ravines
SW.Area.Ravines,峡谷,区域,SW.LootSlot.Item,0,0,,True,SW.Item.ArmorSet.Undaunted,1,Set,DT_LootSourceDefinition_Area.json#Ravines
SW.Area.Ravines,峡谷,区域,SW.LootSlot.Item,0,0,,True,SW.Item.ArmorSet.Timeworn,1,Set,DT_LootSourceDefinition_Area.json#Ravines
SW.Area.Ravines,峡谷,区域,SW.LootSlot.Item,0,0,,True,SW.Item.Artifact.PoisonQuiver,1,Set,DT_LootSourceDefinition_Area.json#Ravines
SW.Area.Meadow.A2,安眠丘陵,区域,SW.LootSlot.Item,0,0,,True,SW.Item.ShortSpear,1,Set,DT_LootSourceDefinition_Area.json#MeadowsA2
SW.Area.Meadow.A2,安眠丘陵,区域,SW.LootSlot.Item,0,0,,True,SW.Item.Claws,1,Set,DT_LootSourceDefinition_Area.json#MeadowsA2
SW.Area.Meadow.A2,安眠丘陵,区域,SW.LootSlot.Item,0,0,,True,SW.Item.MoonSword,1,Set,DT_LootSourceDefinition_Area.json#MeadowsA2
SW.Area.Meadow.A2,安眠丘陵,区域,SW.LootSlot.Item,0,0,,True,SW.Item.Gauntlet,1,Set,DT_LootSourceDefinition_Area.json#MeadowsA2
SW.Area.Meadow.A2,安眠丘陵,区域,SW.LootSlot.Item,0,0,,True,SW.Item.Claymore,1,Set,DT_LootSourceDefinition_Area.json#MeadowsA2
SW.Area.Meadow.A2,安眠丘陵,区域,SW.LootSlot.Item,0,0,,True,SW.Item.WarHammer,1,Set,DT_LootSourceDefinition_Area.json#MeadowsA2
SW.Area.Meadow.A2,安眠丘陵,区域,SW.LootSlot.Item,0,0,,True,SW.Item.Pike,1,Set,DT_LootSourceDefinition_Area.json#MeadowsA2
SW.Area.Meadow.A2,安眠丘陵,区域,SW.LootSlot.Item,0,0,,True,SW.Item.Scythe,1,Set,DT_LootSourceDefinition_Area.json#MeadowsA2
SW.Area.Meadow.A2,安眠丘陵,区域,SW.LootSlot.Item,0,0,,True,SW.Item.ScatterCrossbow,1,Set,DT_LootSourceDefinition_Area.json#MeadowsA2
SW.Area.Meadow.A2,安眠丘陵,区域,SW.LootSlot.Item,0,0,,True,SW.Item.DualCrossbow,1,Set,DT_LootSourceDefinition_Area.json#MeadowsA2
SW.Area.Meadow.A2,安眠丘陵,区域,SW.LootSlot.Item,0,0,,True,SW.Item.Artifact.CorruptedBeacon,1,Set,DT_LootSourceDefinition_Area.json#MeadowsA2
SW.Area.Meadow.A2,安眠丘陵,区域,SW.LootSlot.Item,0,0,,True,SW.Item.Artifact.Satchel.Freezing,1,Set,DT_LootSourceDefinition_Area.json#MeadowsA2
SW.Area.Meadow.A2,安眠丘陵,区域,SW.LootSlot.Item,0,0,,True,SW.Item.Artifact.Honeypot,1,Set,DT_LootSourceDefinition_Area.json#MeadowsA2
SW.Area.Meadow.A2,安眠丘陵,区域,SW.LootSlot.Item,0,0,,True,SW.Item.Artifact.CreeperCandle,1,Set,DT_LootSourceDefinition_Area.json#MeadowsA2
SW.Area.Meadow.A2,安眠丘陵,区域,SW.LootSlot.Item,0,0,,True,SW.Item.Artifact.ConductiveBracelet,1,Set,DT_LootSourceDefinition_Area.json#MeadowsA2
SW.Area.Meadow.A2,安眠丘陵,区域,SW.LootSlot.Item,0,0,,True,SW.Item.Artifact.Grindstone,1,Set,DT_LootSourceDefinition_Area.json#MeadowsA2
SW.Area.Meadow.A2,安眠丘陵,区域,SW.LootSlot.Item,0,0,,True,SW.Item.Artifact.RedstoneMines,1,Set,DT_LootSourceDefinition_Area.json#MeadowsA2
SW.Area.Meadow.A2,安眠丘陵,区域,SW.LootSlot.Item,0,0,,True,SW.Item.Artifact.WarriorsDrums,1,Set,DT_LootSourceDefinition_Area.json#MeadowsA2
SW.Area.Meadow.A2,安眠丘陵,区域,SW.LootSlot.Item,0,0,,True,SW.Item.ArmorSet.Scavenger,1,Set,DT_LootSourceDefinition_Area.json#MeadowsA2
SW.Area.Meadow.A2,安眠丘陵,区域,SW.LootSlot.Item,0,0,,True,SW.Item.ArmorSet.CaveCrawler,1,Set,DT_LootSourceDefinition_Area.json#MeadowsA2
SW.Area.Meadow.A2,安眠丘陵,区域,SW.LootSlot.Item,0,0,,True,SW.Item.ArmorSet.Mushroom,1,Set,DT_LootSourceDefinition_Area.json#MeadowsA2
SW.Area.Meadow.A2,安眠丘陵,区域,SW.LootSlot.Item,0,0,,True,SW.Item.ArmorSet.Redstone,1,Set,DT_LootSourceDefinition_Area.json#MeadowsA2
SW.Area.Meadow.A2,安眠丘陵,区域,SW.LootSlot.Item,0,0,,True,SW.Item.Cleaver,1,Set,DT_LootSourceDefinition_Area.json#MeadowsA2
SW.Area.Meadow.A2,安眠丘陵,区域,SW.LootSlot.Item,0,0,,True,SW.Item.Artifact.FrostQuiver,1,Set,DT_LootSourceDefinition_Area.json#MeadowsA2
SW.Area.Camp.A1,鱿鱼海岸,区域,SW.LootSlot.Item,0,0,,True,SW.Item.Property.Gear,0,Multiply,DT_LootSourceDefinition_Area.json#CampA1
SW.Area.Camp.A1,鱿鱼海岸,区域,SW.LootSlot.Consumable,0,0,,True,SW.Item.Property.Consumable,0,Multiply,DT_LootSourceDefinition_Area.json#CampA1
SW.Area.Camp.A1,鱿鱼海岸,区域,SW.LootSlot.TNT,0,0,,True,SW.Item.Consumable.Throwable.TNT,0,Multiply,DT_LootSourceDefinition_Area.json#CampA1
SW.Area.Town,勇者港湾,区域,SW.LootSlot.Item,0,0,,True,SW.Item.Sword,1,Set,DT_LootSourceDefinition_Area.json#Town
SW.Area.Town,勇者港湾,区域,SW.LootSlot.Item,0,0,,True,SW.Item.Mace,1,Set,DT_LootSourceDefinition_Area.json#Town
SW.Area.Town,勇者港湾,区域,SW.LootSlot.Item,0,0,,True,SW.Item.Rapier,0,Set,DT_LootSourceDefinition_Area.json#Town
SW.Area.Town,勇者港湾,区域,SW.LootSlot.Item,0,0,,True,SW.Item.Greatsword,1,Set,DT_LootSourceDefinition_Area.json#Town
SW.Area.Town,勇者港湾,区域,SW.LootSlot.Item,0,0,,True,SW.Item.Sickles,1,Set,DT_LootSourceDefinition_Area.json#Town
SW.Area.Town,勇者港湾,区域,SW.LootSlot.Item,0,0,,True,SW.Item.Bow,1,Set,DT_LootSourceDefinition_Area.json#Town
SW.Area.Town,勇者港湾,区域,SW.LootSlot.Item,0,0,,True,SW.Item.Powerbow,1,Set,DT_LootSourceDefinition_Area.json#Town
SW.Area.Town,勇者港湾,区域,SW.LootSlot.Item,0,0,,True,SW.Item.Crossbow,1,Set,DT_LootSourceDefinition_Area.json#Town
SW.Area.Town,勇者港湾,区域,SW.LootSlot.Item,0,0,,True,SW.Item.Artifact.PoisonBracelet,1,Set,DT_LootSourceDefinition_Area.json#Town
SW.Area.Town,勇者港湾,区域,SW.LootSlot.Item,0,0,,True,SW.Item.Artifact.FightersFife,1,Set,DT_LootSourceDefinition_Area.json#Town
SW.Area.Town,勇者港湾,区域,SW.LootSlot.Item,0,0,,True,SW.Item.Artifact.RallyingHorn,1,Set,DT_LootSourceDefinition_Area.json#Town
SW.Area.Town,勇者港湾,区域,SW.LootSlot.Item,0,0,,True,SW.Item.Artifact.WardingChimes,1,Set,DT_LootSourceDefinition_Area.json#Town
SW.Area.Town,勇者港湾,区域,SW.LootSlot.Item,0,0,,True,SW.Item.Artifact.CorruptedBeacon,1,Set,DT_LootSourceDefinition_Area.json#Town
SW.Area.Town,勇者港湾,区域,SW.LootSlot.Item,0,0,,True,SW.Item.Artifact.Satchel.Freezing,1,Set,DT_LootSourceDefinition_Area.json#Town
SW.Area.Town,勇者港湾,区域,SW.LootSlot.Item,0,0,,True,SW.Item.Artifact.Honeypot,1,Set,DT_LootSourceDefinition_Area.json#Town
SW.Area.Town,勇者港湾,区域,SW.LootSlot.Item,0,0,,True,SW.Item.Artifact.CreeperCandle,1,Set,DT_LootSourceDefinition_Area.json#Town
SW.Area.Town,勇者港湾,区域,SW.LootSlot.Item,0,0,,True,SW.Item.ArmorSet.Mystic,1,Set,DT_LootSourceDefinition_Area.json#Town
SW.Area.Town,勇者港湾,区域,SW.LootSlot.Item,0,0,,True,SW.Item.ArmorSet.RealmReacher,1,Set,DT_LootSourceDefinition_Area.json#Town
SW.Area.Town,勇者港湾,区域,SW.LootSlot.Item,0,0,,True,SW.Item.ArmorSet.Undaunted,1,Set,DT_LootSourceDefinition_Area.json#Town
SW.Area.Town,勇者港湾,区域,SW.LootSlot.Item,0,0,,True,SW.Item.ArmorSet.Honey,1,Set,DT_LootSourceDefinition_Area.json#Town
SW.Area.Town,勇者港湾,区域,SW.LootSlot.Item,0,0,,True,SW.Item.Artifact.FireworkQuiver,1,Set,DT_LootSourceDefinition_Area.json#Town
SW.Trait.Boss,Trait.Boss,怪物,SW.LootSlot.Item,1,6,0.5,True,,,,DT_LootSourceDefinition_Mob.json#Boss
SW.Trait.Boss,Trait.Boss,怪物,SW.LootSlot.SpringStone,5,5,0.5,True,SW.Item.Currency.SpringStone,1,Set,DT_LootSourceDefinition_Mob.json#Boss
SW.Trait.MiniBoss,Trait.MiniBoss,怪物,SW.LootSlot.Item,1,4,0.25,True,,,,DT_LootSourceDefinition_Mob.json#MiniBoss
SW.Trait.MiniBoss,Trait.MiniBoss,怪物,SW.LootSlot.SpringStone,2,3,0.5,True,SW.Item.Currency.SpringStone,1,Set,DT_LootSourceDefinition_Mob.json#MiniBoss
SW.Mob.Default.Hostile,Mob.Default.Hostile,怪物,SW.LootSlot.Emeralds,0,5,0.025,False,SW.Item.Currency.Emerald,5,Set,DT_LootSourceDefinition_Mob.json#GlobalHostileMobLoot
SW.Mob.Default.Hostile,Mob.Default.Hostile,怪物,SW.LootSlot.Emeralds,0,5,0.025,False,SW.Item.Currency.EmeraldBlock,1,Set,DT_LootSourceDefinition_Mob.json#GlobalHostileMobLoot
SW.Mob.Default.Hostile,Mob.Default.Hostile,怪物,SW.LootSlot.TNT,0,1,0.0125,False,SW.Item.Consumable.Throwable.TNT,1,Set,DT_LootSourceDefinition_Mob.json#GlobalHostileMobLoot
SW.Mob.Default.Hostile,Mob.Default.Hostile,怪物,SW.LootSlot.Consumable,0,1,0.0125,False,SW.Item.Consumable.Food,1,Set,DT_LootSourceDefinition_Mob.json#GlobalHostileMobLoot
SW.Mob.Default.Hostile,Mob.Default.Hostile,怪物,SW.LootSlot.Consumable,0,1,0.0125,False,SW.Item.ExceptFromDefaultLootTables,0,Multiply,DT_LootSourceDefinition_Mob.json#GlobalHostileMobLoot
SW.Mob.Default.Hostile,Mob.Default.Hostile,怪物,SW.LootSlot.Item,0,1,0.0125,False,,,,DT_LootSourceDefinition_Mob.json#GlobalHostileMobLoot
SW.Mob.Maw,扭曲监守者,怪物,SW.LootSlot.Item,1,3,0.15,False,,,,DT_LootSourceDefinition_Mob.json#Maw
SW.Mob.Geomancer,地卜师,怪物,SW.LootSlot.Item,0,0,,True,SW.Item.Property.Artifact,2,Multiply,DT_LootSourceDefinition_Mob.json#Geomancer
SW.Mob.Witch,女巫,怪物,SW.LootSlot.SpecialGear,1,0,,True,SW.Item.Artifact.WitchesBrew,1,Set,DT_LootSourceDefinition_Mob.json#Witch
SW.Mob.WitchSlime,史莱姆,怪物,SW.LootSlot.Item,0,0,,True,SW.Item.Property.Gear,0,Multiply,DT_LootSourceDefinition_Mob.json#WitchSlime
SW.Mob.WitchSlime,史莱姆,怪物,SW.LootSlot.Item,0,0,,True,SW.Item.Property.EnchantmentBook,0,Multiply,DT_LootSourceDefinition_Mob.json#WitchSlime
SW.Mob.WitchSlime,史莱姆,怪物,SW.LootSlot.Emeralds,0,0,,True,SW.Item.Currency.Emerald,0,Multiply,DT_LootSourceDefinition_Mob.json#WitchSlime
SW.Mob.WitchSlime,史莱姆,怪物,SW.LootSlot.SpringStone,0,0,,False,SW.Item.Currency.SpringStone,0,Multiply,DT_LootSourceDefinition_Mob.json#WitchSlime
SW.Mob.Slime,史莱姆,怪物,SW.LootSlot.Item,0,0,,True,SW.Item.Property.Gear,0,Multiply,DT_LootSourceDefinition_Mob.json#LargeSlime
SW.Mob.Slime,史莱姆,怪物,SW.LootSlot.Item,0,0,,True,SW.Item.Property.EnchantmentBook,0,Multiply,DT_LootSourceDefinition_Mob.json#LargeSlime
SW.Mob.Slime,史莱姆,怪物,SW.LootSlot.Emeralds,0,0,,True,SW.Item.Currency.Emerald,0,Multiply,DT_LootSourceDefinition_Mob.json#LargeSlime
SW.Mob.Slime,史莱姆,怪物,SW.LootSlot.SpringStone,0,0,,False,SW.Item.Currency.SpringStone,0,Multiply,DT_LootSourceDefinition_Mob.json#LargeSlime
SW.Mob.Slime,史莱姆,怪物,SW.LootSlot.TNT,0,0,,False,SW.Item.Consumable.Throwable.TNT,0,Multiply,DT_LootSourceDefinition_Mob.json#LargeSlime
SW.Mob.SlimeMedium,史莱姆,怪物,SW.LootSlot.Item,0,0,,True,SW.Item.Property.Gear,0,Multiply,DT_LootSourceDefinition_Mob.json#MediumSlime
SW.Mob.SlimeMedium,史莱姆,怪物,SW.LootSlot.Item,0,0,,True,SW.Item.Property.EnchantmentBook,0,Multiply,DT_LootSourceDefinition_Mob.json#MediumSlime
SW.Mob.SlimeMedium,史莱姆,怪物,SW.LootSlot.Emeralds,0,0,,True,SW.Item.Currency.Emerald,0,Multiply,DT_LootSourceDefinition_Mob.json#MediumSlime
SW.Mob.SlimeMedium,史莱姆,怪物,SW.LootSlot.SpringStone,0,0,,False,SW.Item.Currency.SpringStone,0,Multiply,DT_LootSourceDefinition_Mob.json#MediumSlime
SW.Mob.SlimeMedium,史莱姆,怪物,SW.LootSlot.TNT,0,0,,False,SW.Item.Consumable.Throwable.TNT,0,Multiply,DT_LootSourceDefinition_Mob.json#MediumSlime
SW.Mob.SlimeSmall.SoulStated,灵魂腐化史莱姆,怪物,SW.LootSlot.SpringStone,0,1,0.25,False,SW.Item.Currency.SpringStone,1,Set,DT_LootSourceDefinition_Mob.json#SmallSlimeSoulstated
SW.Mob.FrostbiteDesertBoss,首席附魔师,怪物,SW.LootSlot.Item,1,2,0.25,True,SW.Item.Gauntlet,50,Set,DT_LootSourceDefinition_Mob.json#FrostbiteDesertBoss
SW.Mob.RedStoneCube,红石怪,怪物,SW.LootSlot.Item,0,0,,True,SW.Item.Property.Gear,0,Multiply,DT_LootSourceDefinition_Mob.json#RedStoneCube
SW.Mob.RedStoneCube,红石怪,怪物,SW.LootSlot.Item,0,0,,True,SW.Item.Property.EnchantmentBook,0,Multiply,DT_LootSourceDefinition_Mob.json#RedStoneCube
SW.Mob.RedStoneCube,红石怪,怪物,SW.LootSlot.Emeralds,0,0,,True,SW.Item.Currency.Emerald,0,Multiply,DT_LootSourceDefinition_Mob.json#RedStoneCube
SW.Mob.PiggyBank,宝箱猪,怪物,SW.LootSlot.Item,1,2,0.25,True,,,,DT_LootSourceDefinition_Mob.json#PiggyBank
SW.Mob.PiggyBank,宝箱猪,怪物,SW.LootSlot.EnchantedBook,0,1,0.5,True,,,,DT_LootSourceDefinition_Mob.json#PiggyBank
SW.Mob.Vex,恼鬼,怪物,SW.LootSlot.Item,0,0,,True,SW.Item.Property.Gear,0,Multiply,DT_LootSourceDefinition_Mob.json#Vex
SW.Mob.Vex,恼鬼,怪物,SW.LootSlot.Item,0,0,,True,SW.Item.Property.EnchantmentBook,0,Multiply,DT_LootSourceDefinition_Mob.json#Vex
SW.Mob.Vex,恼鬼,怪物,SW.LootSlot.Emeralds,0,0,,True,SW.Item.Currency.Emerald,0,Multiply,DT_LootSourceDefinition_Mob.json#Vex
SW.LootSource.PiggyBank.OnHit,LootSource.PiggyBank.OnHit,怪物,SW.LootSlot.Emeralds,2,3,1,False,SW.Item.Currency.Emerald,1,Set,DT_LootSourceDefinition_Mob.json#PiggyBankOnHit
SW.LootSource.PiggyBank.OnHit,LootSource.PiggyBank.OnHit,怪物,SW.LootSlot.Item,0,0,,True,SW.Item.Property.Gear,0,Multiply,DT_LootSourceDefinition_Mob.json#PiggyBankOnHit
SW.LootSource.PiggyBank.OnHit,LootSource.PiggyBank.OnHit,怪物,SW.LootSlot.Item,0,0,,True,SW.Item.Property.EnchantmentBook,0,Multiply,DT_LootSourceDefinition_Mob.json#PiggyBankOnHit
SW.Mob.Default.SoulStated,Mob.Default.SoulStated,怪物,SW.LootSlot.Item,0,1,0.25,True,,,,DT_LootSourceDefinition_Mob.json#SoulStated
SW.Mob.Default.SoulStated,Mob.Default.SoulStated,怪物,SW.LootSlot.SpringStone,1,3,0.5,True,SW.Item.Currency.SpringStone,1,Set,DT_LootSourceDefinition_Mob.json#SoulStated
SW.Mob.DeepDarkIllager.BackpackVariant,开掘者,怪物,SW.LootSlot.Emeralds,1,4,0.5,False,SW.Item.Currency.Emerald,1,Set,DT_LootSourceDefinition_Mob.json#DeepDarkIllagerBackpack
SW.Mob.DeepDarkIllager.BackpackVariant,开掘者,怪物,SW.LootSlot.Item,1,1,0.025,False,,,,DT_LootSourceDefinition_Mob.json#DeepDarkIllagerBackpack
SW.PropActor.SoulStorm.Storminator.Base,风暴生成器,怪物,SW.LootSlot.Item,0,0,,False,,,,DT_LootSourceDefinition_Mob.json#StorminatorBase
SW.PropActor.SoulStorm.Storminator.Base,风暴生成器,怪物,SW.LootSlot.SpringStone,0,0,,False,,,,DT_LootSourceDefinition_Mob.json#StorminatorBase
SW.Mob.Witch.Type3,灵魂腐化女巫,怪物,SW.LootSlot.Item,0,0,,False,,,,DT_LootSourceDefinition_Mob.json#WitchType3
SW.Mob.Witch.Type3,灵魂腐化女巫,怪物,SW.LootSlot.SpecialGear,0,0,,False,,,,DT_LootSourceDefinition_Mob.json#WitchType3
SW.Mob.Monstrosity.Moss,苔藓巨兽,怪物,SW.LootSlot.Talismans,1,0,,True,sw.Item.Talisman.Llama,1,Set,DT_LootSourceDefinition_Mob.json#Mosstrosity
SW.LootSource.Chest,LootSource.Chest,宝箱与场景物,SW.LootSlot.Consumable,1,1,0.5,True,SW.Item.Consumable.Food,1,Set,DT_LootSourceDefinition_LootActor.json#Chest
SW.LootSource.Chest,LootSource.Chest,宝箱与场景物,SW.LootSlot.Consumable,1,1,0.5,True,SW.Item.ExceptFromDefaultLootTables,0,Multiply,DT_LootSourceDefinition_LootActor.json#Chest
SW.LootSource.Chest,LootSource.Chest,宝箱与场景物,SW.LootSlot.Emeralds,10,10,0.5,True,SW.Item.Currency.Emerald,5,Set,DT_LootSourceDefinition_LootActor.json#Chest
SW.LootActor.FancyChest,LootActor.FancyChest,宝箱与场景物,SW.LootSlot.Item,1,0,,True,,,,DT_LootSourceDefinition_LootActor.json#FancyChest
SW.LootActor.WellspringChest,LootActor.WellspringChest,宝箱与场景物,SW.LootSlot.Item,1,0,,True,,,,DT_LootSourceDefinition_LootActor.json#WellspringChest
SW.LootActor.KeyChest,LootActor.KeyChest,宝箱与场景物,SW.LootSlot.Item,1,0,,False,SW.Item.Property.Armor,2,Set,DT_LootSourceDefinition_LootActor.json#KeyChest
SW.LootActor.KeyChest,LootActor.KeyChest,宝箱与场景物,SW.LootSlot.Item,1,0,,False,SW.Item.Property.MeleeWeapon,2,Set,DT_LootSourceDefinition_LootActor.json#KeyChest
SW.LootActor.KeyChest,LootActor.KeyChest,宝箱与场景物,SW.LootSlot.Item,1,0,,False,SW.Item.Property.RangedWeapon,2,Set,DT_LootSourceDefinition_LootActor.json#KeyChest
SW.LootActor.KeyChest,LootActor.KeyChest,宝箱与场景物,SW.LootSlot.Item,1,0,,False,SW.Item.Property.Artifact,1,Set,DT_LootSourceDefinition_LootActor.json#KeyChest
SW.LootActor.FancyChest.Procedural,LootActor.FancyChest.Procedural,宝箱与场景物,SW.LootSlot.EnchantedBook,1,1,0.5,True,,,,DT_LootSourceDefinition_LootActor.json#FancyChest_Procedural
SW.LootActor.FancyChest.Procedural,LootActor.FancyChest.Procedural,宝箱与场景物,SW.LootSlot.SpringStone,4,4,0.5,True,SW.Item.Currency.SpringStone,1,Set,DT_LootSourceDefinition_LootActor.json#FancyChest_Procedural
SW.LootActor.WellspringChest.Procedural,LootActor.WellspringChest.Procedural,宝箱与场景物,SW.LootSlot.EnchantedBook,1,1,0.5,True,,,,DT_LootSourceDefinition_LootActor.json#WellspringChest_Procedural
SW.LootActor.WellspringChest.Procedural,LootActor.WellspringChest.Procedural,宝箱与场景物,SW.LootSlot.SpringStone,4,4,0.5,True,SW.Item.Currency.SpringStone,1,Set,DT_LootSourceDefinition_LootActor.json#WellspringChest_Procedural
SW.LootActor.CampWoodenChest,LootActor.CampWoodenChest,宝箱与场景物,"(TagName="""")",1,0,,True,SW.Item.Artifact.FireworkQuiver,1,Set,DT_LootSourceDefinition_LootActor.json#CampWoodenChest
SW.LootActor.StorminatorChest.Easy,LootActor.StorminatorChest.Easy,宝箱与场景物,SW.LootSlot.Item,1,0,,False,,,,DT_LootSourceDefinition_LootActor.json#StorminatorChestEasy
SW.LootActor.StorminatorChest.Easy,LootActor.StorminatorChest.Easy,宝箱与场景物,SW.LootSlot.SpringStone,1,2,0.33,True,SW.Item.Currency.SpringStone,1,Set,DT_LootSourceDefinition_LootActor.json#StorminatorChestEasy
SW.LootActor.StorminatorChest.Easy,LootActor.StorminatorChest.Easy,宝箱与场景物,SW.LootSlot.Emeralds,5,10,0.3,False,SW.Item.Currency.Emerald,1,Set,DT_LootSourceDefinition_LootActor.json#StorminatorChestEasy
SW.LootActor.StorminatorChest.Easy,LootActor.StorminatorChest.Easy,宝箱与场景物,SW.LootSlot.Emeralds,5,10,0.3,False,SW.Item.Currency.EmeraldBlock,1,Set,DT_LootSourceDefinition_LootActor.json#StorminatorChestEasy
SW.LootActor.StorminatorChest.Medium,LootActor.StorminatorChest.Medium,宝箱与场景物,SW.LootSlot.Item,1,0,,False,,,,DT_LootSourceDefinition_LootActor.json#StorminatorChestMedium
SW.LootActor.StorminatorChest.Medium,LootActor.StorminatorChest.Medium,宝箱与场景物,SW.LootSlot.SpringStone,1,2,0.33,True,SW.Item.Currency.SpringStone,1,Set,DT_LootSourceDefinition_LootActor.json#StorminatorChestMedium
SW.LootActor.StorminatorChest.Medium,LootActor.StorminatorChest.Medium,宝箱与场景物,SW.LootSlot.Emeralds,5,10,0.3,False,SW.Item.Currency.Emerald,1,Set,DT_LootSourceDefinition_LootActor.json#StorminatorChestMedium
SW.LootActor.StorminatorChest.Medium,LootActor.StorminatorChest.Medium,宝箱与场景物,SW.LootSlot.Emeralds,5,10,0.3,False,SW.Item.Currency.EmeraldBlock,1,Set,DT_LootSourceDefinition_LootActor.json#StorminatorChestMedium
SW.LootActor.StorminatorChest.Hard,LootActor.StorminatorChest.Hard,宝箱与场景物,SW.LootSlot.Item,2,0,,False,,,,DT_LootSourceDefinition_LootActor.json#StorminatorChestHard
SW.LootActor.StorminatorChest.Hard,LootActor.StorminatorChest.Hard,宝箱与场景物,SW.LootSlot.SpringStone,1,3,0.33,True,SW.Item.Currency.SpringStone,1,Set,DT_LootSourceDefinition_LootActor.json#StorminatorChestHard
SW.LootActor.StorminatorChest.Hard,LootActor.StorminatorChest.Hard,宝箱与场景物,SW.LootSlot.Emeralds,5,15,0.3,False,SW.Item.Currency.Emerald,1,Set,DT_LootSourceDefinition_LootActor.json#StorminatorChestHard
SW.LootActor.StorminatorChest.Hard,LootActor.StorminatorChest.Hard,宝箱与场景物,SW.LootSlot.Emeralds,5,15,0.3,False,SW.Item.Currency.EmeraldBlock,1,Set,DT_LootSourceDefinition_LootActor.json#StorminatorChestHard
SW.LootActor.StorminatorChest.Final.Low,LootActor.StorminatorChest.Final.Low,宝箱与场景物,SW.LootSlot.Item,2,0,,False,,,,DT_LootSourceDefinition_LootActor.json#SoulStormRewardChestLow
SW.LootActor.StorminatorChest.Final.Low,LootActor.StorminatorChest.Final.Low,宝箱与场景物,SW.LootSlot.SpringStone,1,3,0.33,True,SW.Item.Currency.SpringStone,1,Set,DT_LootSourceDefinition_LootActor.json#SoulStormRewardChestLow
SW.LootActor.StorminatorChest.Final.Low,LootActor.StorminatorChest.Final.Low,宝箱与场景物,SW.LootSlot.Emeralds,5,15,0.3,False,SW.Item.Currency.Emerald,1,Set,DT_LootSourceDefinition_LootActor.json#SoulStormRewardChestLow
SW.LootActor.StorminatorChest.Final.Low,LootActor.StorminatorChest.Final.Low,宝箱与场景物,SW.LootSlot.Emeralds,5,15,0.3,False,SW.Item.Currency.EmeraldBlock,1,Set,DT_LootSourceDefinition_LootActor.json#SoulStormRewardChestLow
SW.LootActor.StorminatorChest.Final.Medium,LootActor.StorminatorChest.Final.Medium,宝箱与场景物,SW.LootSlot.Item,3,0,,False,,,,DT_LootSourceDefinition_LootActor.json#SoulStormRewardChestMedium
SW.LootActor.StorminatorChest.Final.Medium,LootActor.StorminatorChest.Final.Medium,宝箱与场景物,SW.LootSlot.SpringStone,1,3,0.33,True,SW.Item.Currency.SpringStone,1,Set,DT_LootSourceDefinition_LootActor.json#SoulStormRewardChestMedium
SW.LootActor.StorminatorChest.Final.Medium,LootActor.StorminatorChest.Final.Medium,宝箱与场景物,SW.LootSlot.Emeralds,5,15,0.3,False,SW.Item.Currency.Emerald,1,Set,DT_LootSourceDefinition_LootActor.json#SoulStormRewardChestMedium
SW.LootActor.StorminatorChest.Final.Medium,LootActor.StorminatorChest.Final.Medium,宝箱与场景物,SW.LootSlot.Emeralds,5,15,0.3,False,SW.Item.Currency.EmeraldBlock,1,Set,DT_LootSourceDefinition_LootActor.json#SoulStormRewardChestMedium
SW.LootActor.StorminatorChest.Final.High,LootActor.StorminatorChest.Final.High,宝箱与场景物,SW.LootSlot.Item,4,0,,False,,,,DT_LootSourceDefinition_LootActor.json#SoulStormRewardChestHigh
SW.LootActor.StorminatorChest.Final.High,LootActor.StorminatorChest.Final.High,宝箱与场景物,SW.LootSlot.SpringStone,4,3,0.33,True,SW.Item.Currency.SpringStone,1,Set,DT_LootSourceDefinition_LootActor.json#SoulStormRewardChestHigh
SW.LootActor.StorminatorChest.Final.High,LootActor.StorminatorChest.Final.High,宝箱与场景物,SW.LootSlot.Emeralds,10,15,0.3,False,SW.Item.Currency.Emerald,1,Set,DT_LootSourceDefinition_LootActor.json#SoulStormRewardChestHigh
SW.LootActor.StorminatorChest.Final.High,LootActor.StorminatorChest.Final.High,宝箱与场景物,SW.LootSlot.Emeralds,10,15,0.3,False,SW.Item.Currency.EmeraldBlock,1,Set,DT_LootSourceDefinition_LootActor.json#SoulStormRewardChestHigh
SW.LootActor.TalismansChest.Plummeting,LootActor.TalismansChest.Plummeting,宝箱与场景物,SW.LootSlot.Talismans,1,0,,True,SW.Item.Talisman.Plummeting,1,Set,DT_LootSourceDefinition_LootActor.json#TalismansChest_Plummeting
SW.LootActor.TalismansChest.PotionCooldown,LootActor.TalismansChest.PotionCooldown,宝箱与场景物,SW.LootSlot.Talismans,1,0,,True,SW.Item.Talisman.PotionCooldown,1,Set,DT_LootSourceDefinition_LootActor.json#TalismansChest_PotionCooldown
SW.LootActor.TalismansChest.SoulCapacity,LootActor.TalismansChest.SoulCapacity,宝箱与场景物,SW.LootSlot.Talismans,1,0,,True,SW.Item.Talisman.SoulCapacity,1,Set,DT_LootSourceDefinition_LootActor.json#TalismansChest_SoulCapacity
SW.LootActor.TalismansChest.EmeraldIncrease,LootActor.TalismansChest.EmeraldIncrease,宝箱与场景物,SW.LootSlot.Talismans,1,0,,True,SW.Item.Talisman.EmeraldIncrease,1,Set,DT_LootSourceDefinition_LootActor.json#TalismansChest_EmeraldIncrease
SW.LootActor.TalismansChest.DoubleDrop,LootActor.TalismansChest.DoubleDrop,宝箱与场景物,SW.LootSlot.Talismans,1,0,,True,SW.Item.Talisman.DoubleDrop,1,Set,DT_LootSourceDefinition_LootActor.json#TalismansChest_DoubleDrop
SW.LootActor.TalismansChest.FiringEmeralds,LootActor.TalismansChest.FiringEmeralds,宝箱与场景物,SW.LootSlot.Talismans,1,0,,True,SW.Item.Talisman.FiringEmeralds,1,Set,DT_LootSourceDefinition_LootActor.json#TalismansChest_FiringEmeralds
SW.LootActor.TalismansChest.SpeedIncrement,LootActor.TalismansChest.SpeedIncrement,宝箱与场景物,SW.LootSlot.Talismans,1,0,,True,SW.Item.Talisman.SpeedIncrement,1,Set,DT_LootSourceDefinition_LootActor.json#TalismansChest_SpeedIncrement
SW.LootActor.TalismansChest.RangedBuff,LootActor.TalismansChest.RangedBuff,宝箱与场景物,SW.LootSlot.Talismans,1,0,,True,SW.Item.Talisman.RangedBuff,1,Set,DT_LootSourceDefinition_LootActor.json#TalismansChest_RangedBuff
SW.Quest.Loot.AreaDropModifier,Quest.Loot.AreaDropModifier,任务,SW.LootSlot.Item,1,0,,False,,,,DT_LootSourceDefinition_Quest.json#QuestAreaLootDropModifier
SW.QuestSize.Small,QuestSize.Small,任务,SW.LootSlot.Emeralds,5,5,0.25,False,SW.Item.Currency.Emerald,5,Set,DT_LootSourceDefinition_Quest.json#QuestSizeSmall
SW.QuestSize.Small,QuestSize.Small,任务,SW.LootSlot.Emeralds,5,5,0.25,False,SW.Item.Currency.EmeraldBlock,1,Set,DT_LootSourceDefinition_Quest.json#QuestSizeSmall
SW.QuestSize.Medium,QuestSize.Medium,任务,SW.LootSlot.Emeralds,8,8,0.25,False,SW.Item.Currency.Emerald,5,Set,DT_LootSourceDefinition_Quest.json#QuestSizeMedium
SW.QuestSize.Medium,QuestSize.Medium,任务,SW.LootSlot.Emeralds,8,8,0.25,False,SW.Item.Currency.EmeraldBlock,3,Set,DT_LootSourceDefinition_Quest.json#QuestSizeMedium
SW.QuestSize.Large,QuestSize.Large,任务,SW.LootSlot.Emeralds,12,12,0.25,False,SW.Item.Currency.Emerald,5,Set,DT_LootSourceDefinition_Quest.json#QuestSizeLarge
SW.QuestSize.Large,QuestSize.Large,任务,SW.LootSlot.Emeralds,12,12,0.25,False,SW.Item.Currency.EmeraldBlock,5,Set,DT_LootSourceDefinition_Quest.json#QuestSizeLarge
SW.QuestSize.ExtraLarge,QuestSize.ExtraLarge,任务,SW.LootSlot.Emeralds,15,15,0.25,False,SW.Item.Currency.Emerald,2,Set,DT_LootSourceDefinition_Quest.json#QuestSizeExtraLarge
SW.QuestSize.ExtraLarge,QuestSize.ExtraLarge,任务,SW.LootSlot.Emeralds,15,15,0.25,False,SW.Item.Currency.EmeraldBlock,3,Set,DT_LootSourceDefinition_Quest.json#QuestSizeExtraLarge
SW.Quest.Loot.Talisman.Healthboost,Quest.Loot.Talisman.Healthboost,任务,SW.LootSlot.SpecialGear,1,0,,False,SW.Item.Talisman.HealthBoost,1,Set,DT_LootSourceDefinition_Quest.json#QuestTalismanHealthboost
SW.Quest.Loot.Talisman.Brawling,Quest.Loot.Talisman.Brawling,任务,SW.LootSlot.SpecialGear,1,0,,False,SW.Item.Talisman.Brawling,1,Set,DT_LootSourceDefinition_Quest.json#QuestTalismanBrawling
SW.Quest.Loot.Talisman.RangedBoost,Quest.Loot.Talisman.RangedBoost,任务,SW.LootSlot.SpecialGear,1,0,,False,SW.Item.Talisman.RangedBuff,1,Set,DT_LootSourceDefinition_Quest.json#QuestTalismanRangedBoost
SW.Quest.Loot.Talisman.Plummeting,Quest.Loot.Talisman.Plummeting,任务,SW.LootSlot.SpecialGear,1,0,,False,SW.Item.Talisman.Plummeting,1,Set,DT_LootSourceDefinition_Quest.json#QuestTalismanPlummeting
SW.Quest.Loot.Talisman.ExperienceIncrease,Quest.Loot.Talisman.ExperienceIncrease,任务,SW.LootSlot.SpecialGear,1,0,,False,SW.Item.Talisman.ExperienceIncrease,1,Set,DT_LootSourceDefinition_Quest.json#QuestTalismanExperienceIncrease
SW.Quest.Loot.Talisman.Companion.Wolf,Quest.Loot.Talisman.Companion.Wolf,任务,SW.LootSlot.SpecialGear,1,0,,False,SW.Item.Talisman.Wolf,1,Set,DT_LootSourceDefinition_Quest.json#QuestTalismanWolf
SW.Quest.Loot.Talisman.Companion.IronGolem,Quest.Loot.Talisman.Companion.IronGolem,任务,SW.LootSlot.SpecialGear,1,0,,False,SW.Item.Talisman.IronGolem,1,Set,DT_LootSourceDefinition_Quest.json#QuestTalismanIronGolem
SW.Quest.Loot.Talisman.SoulGather,Quest.Loot.Talisman.SoulGather,任务,SW.LootSlot.SpecialGear,1,0,,False,SW.Item.Talisman.SoulGather,1,Set,DT_LootSourceDefinition_Quest.json#QuestTalismanSoulGather
SW.Quest.Loot.Talisman.Companion.Llama,Quest.Loot.Talisman.Companion.Llama,任务,SW.LootSlot.SpecialGear,1,0,,False,sw.Item.Talisman.Llama,1,Set,DT_LootSourceDefinition_Quest.json#QuestTalismanLlama
SW.Quest.Loot.Talisman.SoulCapacity,Quest.Loot.Talisman.SoulCapacity,任务,SW.LootSlot.SpecialGear,1,0,,False,SW.Item.Talisman.SoulCapacity,1,Set,DT_LootSourceDefinition_Quest.json#QuestTalismanSoulCapacity
SW.Quest.Loot.Talisman.ArtifactCooldown,Quest.Loot.Talisman.ArtifactCooldown,任务,SW.LootSlot.SpecialGear,1,0,,False,SW.Item.Talisman.ArtifactCooldown,1,Set,DT_LootSourceDefinition_Quest.json#QuestTalismanArtifactCooldown
SW.Quest.Loot.Talisman.DoubleDrop,Quest.Loot.Talisman.DoubleDrop,任务,SW.LootSlot.SpecialGear,1,0,,False,SW.Item.Talisman.DoubleDrop,1,Set,DT_LootSourceDefinition_Quest.json#QuestTalismanDoubleDrop
SW.Quest.Loot.Artifact.Honeypot,Quest.Loot.Artifact.Honeypot,任务,SW.LootSlot.SpecialGear,1,0,,False,SW.Item.Artifact.Honeypot,1,Set,DT_LootSourceDefinition_Quest.json#QuestArtifactHoneypot
SW.Quest.Loot.Artifact.CarapaceOcarina,Quest.Loot.Artifact.CarapaceOcarina,任务,SW.LootSlot.SpecialGear,1,0,,False,SW.Item.Artifact.CarapaceOcarina,1,Set,DT_LootSourceDefinition_Quest.json#QuestArtifactCarapaceOcarina
SW.Quest.Loot.Enchantment.Enchantsmith,Quest.Loot.Enchantment.Enchantsmith,任务,SW.LootSlot.EnchantedBook,3,0,,False,SW.Item.EnchantmentBook.Piercing,1,Set,DT_LootSourceDefinition_Quest.json#QuestEnchantsmithBookReward
SW.Quest.Loot.Enchantment.Enchantsmith,Quest.Loot.Enchantment.Enchantsmith,任务,SW.LootSlot.EnchantedBook,3,0,,False,SW.Item.EnchantmentBook.Radiance,1,Set,DT_LootSourceDefinition_Quest.json#QuestEnchantsmithBookReward
SW.Quest.Loot.Enchantment.Enchantsmith,Quest.Loot.Enchantment.Enchantsmith,任务,SW.LootSlot.EnchantedBook,3,0,,False,SW.Item.EnchantmentBook.SoulInfusedPotion,1,Set,DT_LootSourceDefinition_Quest.json#QuestEnchantsmithBookReward
SW.Quest.Loot.Artifact.CreeperCandle,Quest.Loot.Artifact.CreeperCandle,任务,SW.LootSlot.SpecialGear,1,0,,False,SW.Item.Artifact.CreeperCandle,1,Set,DT_LootSourceDefinition_Quest.json#QuestArtifactCreeperCandle
SW.Item.ArmorSet.Honey_Unique,Item.ArmorSet.Honey_Unique,任务,SW.LootSlot.SpecialGear,1,0,,False,SW.Item.HoneyHelmet_Unique,1,Set,DT_LootSourceDefinition_Quest.json#QuestArmourHoneySetUnique
SW.Item.ArmorSet.Honey_Unique,Item.ArmorSet.Honey_Unique,任务,SW.LootSlot.SpecialGear,1,0,,False,SW.Item.HoneyChest_Unique,1,Set,DT_LootSourceDefinition_Quest.json#QuestArmourHoneySetUnique
SW.Item.ArmorSet.Honey_Unique,Item.ArmorSet.Honey_Unique,任务,SW.LootSlot.SpecialGear,1,0,,False,SW.Item.HoneyLeggings_Unique,1,Set,DT_LootSourceDefinition_Quest.json#QuestArmourHoneySetUnique
SW.Item.ArmorSet.Honey_Unique,Item.ArmorSet.Honey_Unique,任务,SW.LootSlot.SpecialGear,1,0,,False,SW.Item.HoneyBoots_Unique,1,Set,DT_LootSourceDefinition_Quest.json#QuestArmourHoneySetUnique
SW.Quest.Loot.Armour.HoneySet.Helmet,Quest.Loot.Armour.HoneySet.Helmet,任务,SW.LootSlot.SpecialGear,1,0,,False,SW.Item.HoneyHelmet_Unique,1,Set,DT_LootSourceDefinition_Quest.json#QuestArmourHoneySetUnique_Helmet
SW.Quest.Loot.Armour.HoneySet.Chest,Quest.Loot.Armour.HoneySet.Chest,任务,SW.LootSlot.SpecialGear,1,0,,False,SW.Item.HoneyChest_Unique,1,Set,DT_LootSourceDefinition_Quest.json#QuestArmourHoneySetUnique_Chest
SW.Quest.Loot.Armour.HoneySet.Leggings,Quest.Loot.Armour.HoneySet.Leggings,任务,SW.LootSlot.SpecialGear,1,0,,False,SW.Item.HoneyLeggings_Unique,1,Set,DT_LootSourceDefinition_Quest.json#QuestArmourHoneySetUnique_Leggings
SW.Quest.Loot.Armour.HoneySet.Boots,Quest.Loot.Armour.HoneySet.Boots,任务,SW.LootSlot.SpecialGear,1,0,,False,SW.Item.HoneyBoots_Unique,1,Set,DT_LootSourceDefinition_Quest.json#QuestArmourHoneySetUnique_Boots
SW.Quest.Loot.Armour.TimeWornSet,Quest.Loot.Armour.TimeWornSet,任务,SW.LootSlot.SpecialGear,2,0,,False,SW.Item.TimewornBoots,1,Set,DT_LootSourceDefinition_Quest.json#QuestArmourTimeWornSet_01
SW.Quest.Loot.Armour.TimeWornSet,Quest.Loot.Armour.TimeWornSet,任务,SW.LootSlot.SpecialGear,2,0,,False,SW.Item.TimewornChest,1,Set,DT_LootSourceDefinition_Quest.json#QuestArmourTimeWornSet_01
SW.Quest.Loot.Armour.TimeWornSet,Quest.Loot.Armour.TimeWornSet,任务,SW.LootSlot.SpecialGear,2,0,,False,SW.Item.TimewornHelmet,1,Set,DT_LootSourceDefinition_Quest.json#QuestArmourTimeWornSet_01
SW.Quest.Loot.Armour.TimeWornSet,Quest.Loot.Armour.TimeWornSet,任务,SW.LootSlot.SpecialGear,2,0,,False,SW.Item.TimewornLeggings,1,Set,DT_LootSourceDefinition_Quest.json#QuestArmourTimeWornSet_01
SW.Quest.Loot.Armour.TimeWornUniqueSet,Quest.Loot.Armour.TimeWornUniqueSet,任务,SW.LootSlot.SpecialGear,1,0,,False,SW.Item.TimewornBoots_Unique,1,Set,DT_LootSourceDefinition_Quest.json#QuestArmourTimeWornSet_Unique01
SW.Quest.Loot.Armour.TimeWornUniqueSet,Quest.Loot.Armour.TimeWornUniqueSet,任务,SW.LootSlot.SpecialGear,1,0,,False,SW.Item.TimewornChest_Unique,1,Set,DT_LootSourceDefinition_Quest.json#QuestArmourTimeWornSet_Unique01
SW.Quest.Loot.Armour.TimeWornUniqueSet,Quest.Loot.Armour.TimeWornUniqueSet,任务,SW.LootSlot.SpecialGear,1,0,,False,SW.Item.TimewornHelmet_Unique,1,Set,DT_LootSourceDefinition_Quest.json#QuestArmourTimeWornSet_Unique01
SW.Quest.Loot.Armour.TimeWornUniqueSet,Quest.Loot.Armour.TimeWornUniqueSet,任务,SW.LootSlot.SpecialGear,1,0,,False,SW.Item.TimewornLeggings_Unique,1,Set,DT_LootSourceDefinition_Quest.json#QuestArmourTimeWornSet_Unique01
SW.Quest.Loot.Melee.ClawsUnique_01,Quest.Loot.Melee.ClawsUnique_01,任务,SW.LootSlot.SpecialGear,1,0,,False,SW.Item.Claws_Unique1,1,Set,DT_LootSourceDefinition_Quest.json#QuestMeleeClawsUnique_01
SW.Quest.Loot.Artifact.WitchesBrew,Quest.Loot.Artifact.WitchesBrew,任务,SW.LootSlot.SpecialGear,1,0,,False,SW.Item.Artifact.WitchesBrew,1,Set,DT_LootSourceDefinition_Quest.json#QuestArtifactWitchesBrew
SW.Quest.Loot.Armour.MushroomSet,Quest.Loot.Armour.MushroomSet,任务,SW.LootSlot.SpecialGear,2,0,,False,SW.Item.MushroomChest,1,Set,DT_LootSourceDefinition_Quest.json#QuestArmourMushroomSet
SW.Quest.Loot.Armour.MushroomSet,Quest.Loot.Armour.MushroomSet,任务,SW.LootSlot.SpecialGear,2,0,,False,SW.Item.MushroomBoots,1,Set,DT_LootSourceDefinition_Quest.json#QuestArmourMushroomSet
SW.Quest.Loot.Armour.MushroomSet,Quest.Loot.Armour.MushroomSet,任务,SW.LootSlot.SpecialGear,2,0,,False,SW.Item.MushroomHelmet,1,Set,DT_LootSourceDefinition_Quest.json#QuestArmourMushroomSet
SW.Quest.Loot.Armour.MushroomSet,Quest.Loot.Armour.MushroomSet,任务,SW.LootSlot.SpecialGear,2,0,,False,SW.Item.MushroomLeggings,1,Set,DT_LootSourceDefinition_Quest.json#QuestArmourMushroomSet
SW.Quest.Loot.Armour.Evocation,Quest.Loot.Armour.Evocation,任务,SW.LootSlot.SpecialGear,1,0,,False,SW.Item.EvocationHelmet,1,Set,DT_LootSourceDefinition_Quest.json#QuestArmourEvocationSet
SW.Quest.Loot.Armour.Evocation,Quest.Loot.Armour.Evocation,任务,SW.LootSlot.SpecialGear,1,0,,False,SW.Item.EvocationChest,1,Set,DT_LootSourceDefinition_Quest.json#QuestArmourEvocationSet
SW.Quest.Loot.Armour.Evocation,Quest.Loot.Armour.Evocation,任务,SW.LootSlot.SpecialGear,1,0,,False,SW.Item.EvocationLeggings,1,Set,DT_LootSourceDefinition_Quest.json#QuestArmourEvocationSet
SW.Quest.Loot.Armour.Evocation,Quest.Loot.Armour.Evocation,任务,SW.LootSlot.SpecialGear,1,0,,False,SW.Item.EvocationBoots,1,Set,DT_LootSourceDefinition_Quest.json#QuestArmourEvocationSet
SW.Quest.Loot.Armour.CaveCrawlerSet,Quest.Loot.Armour.CaveCrawlerSet,任务,SW.LootSlot.SpecialGear,1,0,,False,SW.Item.CaveCrawlerHelmet,1,Set,DT_LootSourceDefinition_Quest.json#QuestArmourCaveCrawler
SW.Quest.Loot.Armour.CaveCrawlerSet,Quest.Loot.Armour.CaveCrawlerSet,任务,SW.LootSlot.SpecialGear,1,0,,False,SW.Item.CaveCrawlerChest,1,Set,DT_LootSourceDefinition_Quest.json#QuestArmourCaveCrawler
SW.Quest.Loot.Armour.CaveCrawlerSet,Quest.Loot.Armour.CaveCrawlerSet,任务,SW.LootSlot.SpecialGear,1,0,,False,SW.Item.CaveCrawlerLeggings,1,Set,DT_LootSourceDefinition_Quest.json#QuestArmourCaveCrawler
SW.Quest.Loot.Armour.CaveCrawlerSet,Quest.Loot.Armour.CaveCrawlerSet,任务,SW.LootSlot.SpecialGear,1,0,,False,SW.Item.CaveCrawlerBoots,1,Set,DT_LootSourceDefinition_Quest.json#QuestArmourCaveCrawler
SW.Quest.Loot.Armour.ScampSet,Quest.Loot.Armour.ScampSet,任务,SW.LootSlot.SpecialGear,1,0,,False,SW.Item.ScampHelmet_Unique,1,Set,DT_LootSourceDefinition_Quest.json#QuestArmourScampSetUnique
SW.Quest.Loot.Armour.ScampSet,Quest.Loot.Armour.ScampSet,任务,SW.LootSlot.SpecialGear,1,0,,False,SW.Item.ScampChest_Unique,1,Set,DT_LootSourceDefinition_Quest.json#QuestArmourScampSetUnique
SW.Quest.Loot.Armour.ScampSet,Quest.Loot.Armour.ScampSet,任务,SW.LootSlot.SpecialGear,1,0,,False,SW.Item.ScampLeggings_Unique,1,Set,DT_LootSourceDefinition_Quest.json#QuestArmourScampSetUnique
SW.Quest.Loot.Armour.ScampSet,Quest.Loot.Armour.ScampSet,任务,SW.LootSlot.SpecialGear,1,0,,False,SW.Item.ScampBoots_Unique,1,Set,DT_LootSourceDefinition_Quest.json#QuestArmourScampSetUnique
SW.Quest.Loot.Armour.StalwartSet,Quest.Loot.Armour.StalwartSet,任务,SW.LootSlot.SpecialGear,2,0,,False,SW.Item.StalwartHelmet_Unique,1,Set,DT_LootSourceDefinition_Quest.json#QuestArmourStalwartSetUnique
SW.Quest.Loot.Armour.StalwartSet,Quest.Loot.Armour.StalwartSet,任务,SW.LootSlot.SpecialGear,2,0,,False,SW.Item.StalwartChest_Unique,1,Set,DT_LootSourceDefinition_Quest.json#QuestArmourStalwartSetUnique
SW.Quest.Loot.Armour.StalwartSet,Quest.Loot.Armour.StalwartSet,任务,SW.LootSlot.SpecialGear,2,0,,False,SW.Item.StalwartLeggings_Unique,1,Set,DT_LootSourceDefinition_Quest.json#QuestArmourStalwartSetUnique
SW.Quest.Loot.Armour.StalwartSet,Quest.Loot.Armour.StalwartSet,任务,SW.LootSlot.SpecialGear,2,0,,False,SW.Item.StalwartBoots_Unique,1,Set,DT_LootSourceDefinition_Quest.json#QuestArmourStalwartSetUnique
SW.Quest.Loot.Armour.FrostrimeSet,Quest.Loot.Armour.FrostrimeSet,任务,SW.LootSlot.SpecialGear,2,0,,False,SW.Item.FrostRimeBoots,1,Set,DT_LootSourceDefinition_Quest.json#QuestArmourFrosrimetSet
SW.Quest.Loot.Armour.FrostrimeSet,Quest.Loot.Armour.FrostrimeSet,任务,SW.LootSlot.SpecialGear,2,0,,False,SW.Item.FrostRimeChest,1,Set,DT_LootSourceDefinition_Quest.json#QuestArmourFrosrimetSet
SW.Quest.Loot.Armour.FrostrimeSet,Quest.Loot.Armour.FrostrimeSet,任务,SW.LootSlot.SpecialGear,2,0,,False,SW.Item.FrostRimeHelmet,1,Set,DT_LootSourceDefinition_Quest.json#QuestArmourFrosrimetSet
SW.Quest.Loot.Armour.FrostrimeSet,Quest.Loot.Armour.FrostrimeSet,任务,SW.LootSlot.SpecialGear,2,0,,False,SW.Item.FrostRimeLeggings,1,Set,DT_LootSourceDefinition_Quest.json#QuestArmourFrosrimetSet
SW.Quest.Loot.Armour.FrostrimeSet.Unique,Quest.Loot.Armour.FrostrimeSet.Unique,任务,SW.LootSlot.SpecialGear,1,0,,False,SW.Item.FrostRimeBoots_Unique,1,Set,DT_LootSourceDefinition_Quest.json#QuestArmourFrosrimetSetUnique
SW.Quest.Loot.Armour.FrostrimeSet.Unique,Quest.Loot.Armour.FrostrimeSet.Unique,任务,SW.LootSlot.SpecialGear,1,0,,False,SW.Item.FrostRimeChest_Unique,1,Set,DT_LootSourceDefinition_Quest.json#QuestArmourFrosrimetSetUnique
SW.Quest.Loot.Armour.FrostrimeSet.Unique,Quest.Loot.Armour.FrostrimeSet.Unique,任务,SW.LootSlot.SpecialGear,1,0,,False,SW.Item.FrostRimeHelmet_Unique,1,Set,DT_LootSourceDefinition_Quest.json#QuestArmourFrosrimetSetUnique
SW.Quest.Loot.Armour.FrostrimeSet.Unique,Quest.Loot.Armour.FrostrimeSet.Unique,任务,SW.LootSlot.SpecialGear,1,0,,False,SW.Item.FrostRimeLeggings_Unique,1,Set,DT_LootSourceDefinition_Quest.json#QuestArmourFrosrimetSetUnique
SW.Quest.Loot.Melee.Pickaxe,Quest.Loot.Melee.Pickaxe,任务,SW.LootSlot.SpecialGear,1,0,,False,SW.Item.Pickaxe,1,Set,DT_LootSourceDefinition_Quest.json#QuestMeleePickaxe
SW.Quest.Loot.Melee.Pickaxe.Unique.01,Quest.Loot.Melee.Pickaxe.Unique.01,任务,SW.LootSlot.SpecialGear,1,0,,False,SW.Item.Pickaxe_Unique1,1,Set,DT_LootSourceDefinition_Quest.json#QuestMeleePickaxeUnique
SW.Quest.Loot.Melee.ClaymoreUnique_01,Quest.Loot.Melee.ClaymoreUnique_01,任务,SW.LootSlot.SpecialGear,1,0,,False,SW.Item.Claymore_Unique1,1,Set,DT_LootSourceDefinition_Quest.json#QuestMeleeClaymoreUnique_01
SW.Quest.Loot.Melee.HammerUnique_01,Quest.Loot.Melee.HammerUnique_01,任务,SW.LootSlot.SpecialGear,1,0,,False,SW.Item.Hammer_Unique1,1,Set,DT_LootSourceDefinition_Quest.json#QuestMeleeHammerUnique_01
SW.Quest.Loot.Melee.SabreUnique_01,Quest.Loot.Melee.SabreUnique_01,任务,SW.LootSlot.SpecialGear,1,0,,False,SW.Item.Sabre_Unique1,1,Set,DT_LootSourceDefinition_Quest.json#QuestMeleeSabreUnique_01
SW.Quest.Loot.Melee.ScytheUnique_01,Quest.Loot.Melee.ScytheUnique_01,任务,SW.LootSlot.SpecialGear,1,0,,False,SW.Item.Scythe_Unique1,1,Set,DT_LootSourceDefinition_Quest.json#QuestMeleeScytheUnique_01
SW.Quest.Loot.Melee.PikeUnique_01,Quest.Loot.Melee.PikeUnique_01,任务,SW.LootSlot.SpecialGear,1,0,,False,SW.Item.Pike_Unique1,1,Set,DT_LootSourceDefinition_Quest.json#QuestMeleePikeUnique_01
SW.Quest.Loot.Ranged.CrossbowUnique_01,Quest.Loot.Ranged.CrossbowUnique_01,任务,SW.LootSlot.SpecialGear,1,0,,False,SW.Item.Crossbow_Unique1,1,Set,DT_LootSourceDefinition_Quest.json#QuestRangedCrossbowUnique_01
SW.Quest.Loot.Melee.DaggersUnique_01,Quest.Loot.Melee.DaggersUnique_01,任务,SW.LootSlot.SpecialGear,1,0,,False,SW.Item.Daggers_Unique1,1,Set,DT_LootSourceDefinition_Quest.json#QuestMeleeDaggersUnique_01
SW.Quest.Loot.Melee.Axe,Quest.Loot.Melee.Axe,任务,SW.LootSlot.SpecialGear,1,0,,False,SW.Item.Axe,1,Set,DT_LootSourceDefinition_Quest.json#QuestMeleeAxe
SW.Quest.Loot.Melee.AxeUnique_01,Quest.Loot.Melee.AxeUnique_01,任务,SW.LootSlot.SpecialGear,1,0,,False,SW.Item.Axe_Unique1,1,Set,DT_LootSourceDefinition_Quest.json#QuestMeleeAxeUnique_01
SW.Quest.Loot.Chest.CavecrawlerUnique,Quest.Loot.Chest.CavecrawlerUnique,任务,SW.LootSlot.SpecialGear,1,0,,False,SW.Item.CaveCrawlerChest_Unique,1,Set,DT_LootSourceDefinition_Quest.json#QuestChestCavecrawlerUnique_01
SW.Quest.Loot.Talisman.AmmoCapacity,Quest.Loot.Talisman.AmmoCapacity,任务,SW.LootSlot.SpecialGear,1,0,,False,SW.Item.Talisman.AmmoCapacity,1,Set,DT_LootSourceDefinition_Quest.json#QuestTalismanAmmoCapacity
SW.Quest.Loot.Talisman.HealthyStrike,Quest.Loot.Talisman.HealthyStrike,任务,SW.LootSlot.SpecialGear,1,0,,False,SW.Item.Talisman.HealthyStrike,1,Set,DT_LootSourceDefinition_Quest.json#QuestTalismanHealthyStrike
SW.Quest.Loot.Melee.Scythe,Quest.Loot.Melee.Scythe,任务,SW.LootSlot.SpecialGear,1,0,,False,SW.Item.Scythe,1,Set,DT_LootSourceDefinition_Quest.json#QuestMeleeScythe
SW.Quest.Loot.Melee.GiantMallet,Quest.Loot.Melee.GiantMallet,任务,SW.LootSlot.SpecialGear,1,0,,False,SW.Item.GiantMallet,1,Set,DT_LootSourceDefinition_Quest.json#QuestMeleeGiantMallet
SW.Quest.Loot.Artifact.SoulHarvester,Quest.Loot.Artifact.SoulHarvester,任务,SW.LootSlot.SpecialGear,1,0,,False,SW.Item.Artifact.SoulHarvester,1,Set,DT_LootSourceDefinition_Quest.json#QuestArtifactSoulHarvester
SW.Quest.Loot.Melee.Sickles,Quest.Loot.Melee.Sickles,任务,SW.LootSlot.SpecialGear,1,0,,False,SW.Item.Sickles,1,Set,DT_LootSourceDefinition_Quest.json#QuestMeleeSickles
SW.Quest.Loot.Melee.SicklesUnique_01,Quest.Loot.Melee.SicklesUnique_01,任务,SW.LootSlot.SpecialGear,1,0,,False,SW.Item.Sickles_Unique1,1,Set,DT_LootSourceDefinition_Quest.json#QuestMeleeSicklesUnique_01
SW.Quest.Loot.Ranged.ScatterUnique_01,Quest.Loot.Ranged.ScatterUnique_01,任务,SW.LootSlot.SpecialGear,1,0,,False,SW.Item.ScatterCrossbow_Unique1,1,Set,DT_LootSourceDefinition_Quest.json#QuestRangedScatterUnique_01
SW.Quest.Loot.Artifact.CorruptedSeed,Quest.Loot.Artifact.CorruptedSeed,任务,SW.LootSlot.SpecialGear,1,0,,False,SW.Item.Artifact.CorruptedSeeds,1,Set,DT_LootSourceDefinition_Quest.json#QuestArtifactCorruptedSeed
SW.Quest.Loot.Enchantment.SoulBlast,Quest.Loot.Enchantment.SoulBlast,任务,SW.LootSlot.SpecialGear,1,0,,False,SW.Item.EnchantmentBook.SoulAspect,1,Set,DT_LootSourceDefinition_Quest.json#QuestEnchantmentSoulBlast
SW.Quest.Loot.Talisman.Healing,Quest.Loot.Talisman.Healing,任务,SW.LootSlot.SpecialGear,1,0,,False,SW.Item.Talisman.Healing,1,Set,DT_LootSourceDefinition_Quest.json#QuestTalismanHealing
SW.Quest.Loot.Melee.CurvedGreatswordUnique_01,Quest.Loot.Melee.CurvedGreatswordUnique_01,任务,SW.LootSlot.SpecialGear,1,0,,False,SW.Item.CurvedGreatsword_Unique1,1,Set,DT_LootSourceDefinition_Quest.json#QuestMeleeCurvedGreatswordUnique_01
SW.Quest.Loot.Melee.CurvedLongswordUnique_01,Quest.Loot.Melee.CurvedLongswordUnique_01,任务,SW.LootSlot.SpecialGear,1,0,,False,SW.Item.CurvedLongsword_Unique1,1,Set,DT_LootSourceDefinition_Quest.json#QuestMeleeCurvedLongswordUnique_01_0
SW.Quest.Loot.Talisman.EmeraldIncrease,Quest.Loot.Talisman.EmeraldIncrease,任务,SW.LootSlot.SpecialGear,1,0,,False,SW.Item.Talisman.EmeraldIncrease,1,Set,DT_LootSourceDefinition_Quest.json#QuestTalismanEmeraldIncrease
SW.Quest.Loot.Talisman.DropChance,Quest.Loot.Talisman.DropChance,任务,SW.LootSlot.SpecialGear,1,0,,False,SW.Item.Talisman.DropChance,1,Set,DT_LootSourceDefinition_Quest.json#QuestTalismanDropChance
SW.Quest.Loot.Talisman.RollingCooldown,Quest.Loot.Talisman.RollingCooldown,任务,SW.LootSlot.SpecialGear,1,0,,False,SW.Item.Talisman.RollingCooldown,1,Set,DT_LootSourceDefinition_Quest.json#QuestTalismanRollingCooldown
SW.Quest.Loot.Artifact.CA10.BR.B,Quest.Loot.Artifact.CA10.BR.B,任务,SW.LootSlot.SpecialGear,1,0,,False,SW.Item.Artifact.RedstoneMines,1,Set,DT_LootSourceDefinition_Quest.json#QuestArtifactsCA10_BR_B
SW.Quest.Loot.Artifact.CA10.BR.B,Quest.Loot.Artifact.CA10.BR.B,任务,SW.LootSlot.SpecialGear,1,0,,False,SW.Item.Artifact.FlameQuiver,1,Set,DT_LootSourceDefinition_Quest.json#QuestArtifactsCA10_BR_B
SW.Quest.Loot.Artifact.CA10.BR.B,Quest.Loot.Artifact.CA10.BR.B,任务,SW.LootSlot.SpecialGear,1,0,,False,SW.Item.Artifact.FlameSceptre,1,Set,DT_LootSourceDefinition_Quest.json#QuestArtifactsCA10_BR_B
SW.Quest.Loot.Artifact.CA10.BR.B,Quest.Loot.Artifact.CA10.BR.B,任务,SW.LootSlot.SpecialGear,1,0,,False,SW.Item.Artifact.Satchel.Fire,1,Set,DT_LootSourceDefinition_Quest.json#QuestArtifactsCA10_BR_B
SW.Quest.Loot.Artifact.CA10.BR.B,Quest.Loot.Artifact.CA10.BR.B,任务,SW.LootSlot.SpecialGear,1,0,,False,SW.Item.Artifact.FireworkQuiver,1,Set,DT_LootSourceDefinition_Quest.json#QuestArtifactsCA10_BR_B
SW.Quest.Loot.Artifact.CA10.BR.B,Quest.Loot.Artifact.CA10.BR.B,任务,SW.LootSlot.SpecialGear,1,0,,False,SW.Item.Artifact.FireBracelet,1,Set,DT_LootSourceDefinition_Quest.json#QuestArtifactsCA10_BR_B
SW.Quest.Loot.Artifact.CA10.BR.B,Quest.Loot.Artifact.CA10.BR.B,任务,SW.LootSlot.SpecialGear,1,0,,False,SW.Item.Artifact.CreeperCandle,1,Set,DT_LootSourceDefinition_Quest.json#QuestArtifactsCA10_BR_B
SW.Quest.Loot.Melee.GiantClubUnique,Quest.Loot.Melee.GiantClubUnique,任务,SW.LootSlot.SpecialGear,1,0,,False,SW.Item.GiantClub_Unique1,1,Set,DT_LootSourceDefinition_Quest.json#QuestMeleeGiantClubUnique_01
SW.Quest.Loot.Armour.RedstoneUnique_01,Quest.Loot.Armour.RedstoneUnique_01,任务,SW.LootSlot.SpecialGear,1,0,,False,SW.Item.RedstoneBoots_Unique,1,Set,DT_LootSourceDefinition_Quest.json#QuestArmourRedstoneUnique_01
SW.Quest.Loot.Armour.RedstoneUnique_01,Quest.Loot.Armour.RedstoneUnique_01,任务,SW.LootSlot.SpecialGear,1,0,,False,SW.Item.RedstoneChest_Unique,1,Set,DT_LootSourceDefinition_Quest.json#QuestArmourRedstoneUnique_01
SW.Quest.Loot.Armour.RedstoneUnique_01,Quest.Loot.Armour.RedstoneUnique_01,任务,SW.LootSlot.SpecialGear,1,0,,False,SW.Item.RedstoneLeggings_Unique,1,Set,DT_LootSourceDefinition_Quest.json#QuestArmourRedstoneUnique_01
SW.Quest.Loot.Armour.RedstoneUnique_01,Quest.Loot.Armour.RedstoneUnique_01,任务,SW.LootSlot.SpecialGear,1,0,,False,SW.Item.RedstoneHelmet_Unique,1,Set,DT_LootSourceDefinition_Quest.json#QuestArmourRedstoneUnique_01
SW.Quest.Loot.Ranged.TrickbowUnique_01,Quest.Loot.Ranged.TrickbowUnique_01,任务,SW.LootSlot.SpecialGear,1,0,,False,SW.Item.Trickbow_Unique1,1,Set,DT_LootSourceDefinition_Quest.json#QuestRangedTrickbowUnique_01
SW.Quest.Loot.Melee.DaggerUnique_01,Quest.Loot.Melee.DaggerUnique_01,任务,SW.LootSlot.SpecialGear,1,0,,False,SW.Item.Dagger_Unique1,1,Set,DT_LootSourceDefinition_Quest.json#QuestMeleeDaggerUnique_)1
SW.Quest.Loot.Artifact.CA09.BR,Quest.Loot.Artifact.CA09.BR,任务,SW.LootSlot.SpecialGear,1,0,,False,SW.Item.Artifact.SoulHarvester,1,Set,DT_LootSourceDefinition_Quest.json#QuestArtifactsCA09_BR
SW.Quest.Loot.Artifact.CA09.BR,Quest.Loot.Artifact.CA09.BR,任务,SW.LootSlot.SpecialGear,1,0,,False,SW.Item.Artifact.WarriorsDrums,1,Set,DT_LootSourceDefinition_Quest.json#QuestArtifactsCA09_BR
SW.Quest.Loot.Artifact.CA09.BR,Quest.Loot.Artifact.CA09.BR,任务,SW.LootSlot.SpecialGear,1,0,,False,SW.Item.Artifact.RallyingHorn,1,Set,DT_LootSourceDefinition_Quest.json#QuestArtifactsCA09_BR
SW.Quest.Loot.Artifact.CA09.BR,Quest.Loot.Artifact.CA09.BR,任务,SW.LootSlot.SpecialGear,1,0,,False,SW.Item.Artifact.CarapaceOcarina,1,Set,DT_LootSourceDefinition_Quest.json#QuestArtifactsCA09_BR
SW.Quest.Loot.Artifact.CA09.BR,Quest.Loot.Artifact.CA09.BR,任务,SW.LootSlot.SpecialGear,1,0,,False,SW.Item.Artifact.IronHideLute,1,Set,DT_LootSourceDefinition_Quest.json#QuestArtifactsCA09_BR
SW.Quest.Loot.Artifact.CA09.BR,Quest.Loot.Artifact.CA09.BR,任务,SW.LootSlot.SpecialGear,1,0,,False,SW.Item.Artifact.FightersFife,1,Set,DT_LootSourceDefinition_Quest.json#QuestArtifactsCA09_BR
SW.Quest.Loot.Melee.Claws,Quest.Loot.Melee.Claws,任务,SW.LootSlot.SpecialGear,1,0,,False,SW.Item.Claws,1,Set,DT_LootSourceDefinition_Quest.json#QuestMeleeClaws
SW.Quest.Loot.Talisman.StatusBuff,Quest.Loot.Talisman.StatusBuff,任务,SW.LootSlot.SpecialGear,1,0,,False,SW.Item.Talisman.StatusBuff,1,Set,DT_LootSourceDefinition_Quest.json#QuestTalismanStatusBuff
SW.Quest.Loot.Armour.SentinelSet,Quest.Loot.Armour.SentinelSet,任务,SW.LootSlot.SpecialGear,2,0,,False,SW.Item.WellspringChest,1,Set,DT_LootSourceDefinition_Quest.json#QuestArmourSentinelSet
SW.Quest.Loot.Armour.SentinelSet,Quest.Loot.Armour.SentinelSet,任务,SW.LootSlot.SpecialGear,2,0,,False,SW.Item.WellspringHelmet,1,Set,DT_LootSourceDefinition_Quest.json#QuestArmourSentinelSet
SW.Quest.Loot.Armour.SentinelSet,Quest.Loot.Armour.SentinelSet,任务,SW.LootSlot.SpecialGear,2,0,,False,SW.Item.WellspringBoots,1,Set,DT_LootSourceDefinition_Quest.json#QuestArmourSentinelSet
SW.Quest.Loot.Armour.SentinelSet,Quest.Loot.Armour.SentinelSet,任务,SW.LootSlot.SpecialGear,2,0,,False,SW.Item.WellspringLeggings,1,Set,DT_LootSourceDefinition_Quest.json#QuestArmourSentinelSet
SW.Quest.Loot.Talisman.PogoFrog,Quest.Loot.Talisman.PogoFrog,任务,SW.LootSlot.SpecialGear,1,0,,False,SW.Item.Talisman.Wobble,1,Set,DT_LootSourceDefinition_Quest.json#QuestTalismanPogoFrog
SW.Quest.Loot.Talisman.PukeyDiva,Quest.Loot.Talisman.PukeyDiva,任务,SW.LootSlot.SpecialGear,1,0,,False,SW.Item.Talisman.Prickle,1,Set,DT_LootSourceDefinition_Quest.json#QuestTalismanPukeyDiva
SW.Quest.Loot.Armour.MysticSetUnique_01,Quest.Loot.Armour.MysticSetUnique_01,任务,SW.LootSlot.SpecialGear,1,0,,False,SW.Item.MysticHelmet_Unique,1,Set,DT_LootSourceDefinition_Quest.json#QuestArmourMysticSetUnique_01
SW.Quest.Loot.Armour.MysticSetUnique_01,Quest.Loot.Armour.MysticSetUnique_01,任务,SW.LootSlot.SpecialGear,1,0,,False,SW.Item.MysticChest_Unique,1,Set,DT_LootSourceDefinition_Quest.json#QuestArmourMysticSetUnique_01
SW.Quest.Loot.Armour.MysticSetUnique_01,Quest.Loot.Armour.MysticSetUnique_01,任务,SW.LootSlot.SpecialGear,1,0,,False,SW.Item.MysticLeggings_Unique,1,Set,DT_LootSourceDefinition_Quest.json#QuestArmourMysticSetUnique_01
SW.Quest.Loot.Armour.MysticSetUnique_01,Quest.Loot.Armour.MysticSetUnique_01,任务,SW.LootSlot.SpecialGear,1,0,,False,SW.Item.MysticBoots_Unique,1,Set,DT_LootSourceDefinition_Quest.json#QuestArmourMysticSetUnique_01
SW.Quest.Loot.Ranged.PowerBowUnique_01,Quest.Loot.Ranged.PowerBowUnique_01,任务,SW.LootSlot.SpecialGear,1,0,,False,SW.Item.Powerbow_Unique1,1,Set,DT_LootSourceDefinition_Quest.json#QuestRangedPowerBowUnique_01
SW.Quest.Loot.Melee.Sword,Quest.Loot.Melee.Sword,任务,SW.LootSlot.SpecialGear,1,0,,False,SW.Item.Sword,1,Set,DT_LootSourceDefinition_Quest.json#QuestMeleeSword
SW.Quest.Loot.Enchantment.AncientAlchemy,Quest.Loot.Enchantment.AncientAlchemy,任务,SW.LootSlot.SpecialGear,1,0,,False,SW.Item.EnchantmentBook.SoulInfusedPotion,1,Set,DT_LootSourceDefinition_Quest.json#QuestEnchantmentAncientAlchemy
SW.Quest.Loot.Enchantment.Shockwave,Quest.Loot.Enchantment.Shockwave,任务,SW.LootSlot.SpecialGear,1,0,,False,SW.Item.EnchantmentBook.Shockwave,1,Set,DT_LootSourceDefinition_Quest.json#QuestEnchantmentShockwave
SW.Quest.Loot.Enchantment.PoisonFog,Quest.Loot.Enchantment.PoisonFog,任务,SW.LootSlot.SpecialGear,1,0,,False,SW.Item.EnchantmentBook.PoisonFog,1,Set,DT_LootSourceDefinition_Quest.json#QuestEnchantmentPoisonFog
SW.Quest.Loot.Armour.MysticSet,Quest.Loot.Armour.MysticSet,任务,SW.LootSlot.SpecialGear,1,0,,False,SW.Item.MysticChest,1,Set,DT_LootSourceDefinition_Quest.json#QuestArmourMysticSet
SW.Quest.Loot.Armour.MysticSet,Quest.Loot.Armour.MysticSet,任务,SW.LootSlot.SpecialGear,1,0,,False,SW.Item.MysticHelmet,1,Set,DT_LootSourceDefinition_Quest.json#QuestArmourMysticSet
SW.Quest.Loot.Armour.MysticSet,Quest.Loot.Armour.MysticSet,任务,SW.LootSlot.SpecialGear,1,0,,False,SW.Item.MysticBoots,1,Set,DT_LootSourceDefinition_Quest.json#QuestArmourMysticSet
SW.Quest.Loot.Armour.MysticSet,Quest.Loot.Armour.MysticSet,任务,SW.LootSlot.SpecialGear,1,0,,False,SW.Item.MysticLeggings,1,Set,DT_LootSourceDefinition_Quest.json#QuestArmourMysticSet
SW.Quest.Loot.Ranged.HeavyCrossbow,Quest.Loot.Ranged.HeavyCrossbow,任务,SW.LootSlot.SpecialGear,1,0,,False,SW.Item.HeavyCrossbow,1,Set,DT_LootSourceDefinition_Quest.json#QuestRangedHeavyCrossbow
SW.Quest.Loot.Armour.PhantomSet,Quest.Loot.Armour.PhantomSet,任务,SW.LootSlot.SpecialGear,1,0,,False,SW.Item.PhantomChest,1,Set,DT_LootSourceDefinition_Quest.json#QuestArmourPhantomSet
SW.Quest.Loot.Armour.PhantomSet,Quest.Loot.Armour.PhantomSet,任务,SW.LootSlot.SpecialGear,1,0,,False,SW.Item.PhantomHelmet,1,Set,DT_LootSourceDefinition_Quest.json#QuestArmourPhantomSet
SW.Quest.Loot.Armour.PhantomSet,Quest.Loot.Armour.PhantomSet,任务,SW.LootSlot.SpecialGear,1,0,,False,SW.Item.PhantomBoots,1,Set,DT_LootSourceDefinition_Quest.json#QuestArmourPhantomSet
SW.Quest.Loot.Armour.PhantomSet,Quest.Loot.Armour.PhantomSet,任务,SW.LootSlot.SpecialGear,1,0,,False,SW.Item.PhantomLeggings,1,Set,DT_LootSourceDefinition_Quest.json#QuestArmourPhantomSet
SW.Quest.Loot.Armour.NomadSet,Quest.Loot.Armour.NomadSet,任务,SW.LootSlot.SpecialGear,2,0,,False,SW.Item.VoyagerChest,1,Set,DT_LootSourceDefinition_Quest.json#QuestArmourNomadSet
SW.Quest.Loot.Armour.NomadSet,Quest.Loot.Armour.NomadSet,任务,SW.LootSlot.SpecialGear,2,0,,False,SW.Item.VoyagerHelmet,1,Set,DT_LootSourceDefinition_Quest.json#QuestArmourNomadSet
SW.Quest.Loot.Armour.NomadSet,Quest.Loot.Armour.NomadSet,任务,SW.LootSlot.SpecialGear,2,0,,False,SW.Item.VoyagerBoots,1,Set,DT_LootSourceDefinition_Quest.json#QuestArmourNomadSet
SW.Quest.Loot.Armour.NomadSet,Quest.Loot.Armour.NomadSet,任务,SW.LootSlot.SpecialGear,2,0,,False,SW.Item.VoyagerLeggings,1,Set,DT_LootSourceDefinition_Quest.json#QuestArmourNomadSet
SW.Quest.Loot.Ranged.Shortbow,Quest.Loot.Ranged.Shortbow,任务,SW.LootSlot.SpecialGear,1,0,,False,SW.Item.Shortbow,1,Set,DT_LootSourceDefinition_Quest.json#QuestRangedShortbow
SW.Quest.Loot.Armour.HoneySet,Quest.Loot.Armour.HoneySet,任务,SW.LootSlot.SpecialGear,2,0,,False,SW.Item.HoneyHelmet,1,Set,DT_LootSourceDefinition_Quest.json#QuestArmourHoneySet
SW.Quest.Loot.Armour.HoneySet,Quest.Loot.Armour.HoneySet,任务,SW.LootSlot.SpecialGear,2,0,,False,SW.Item.HoneyChest,1,Set,DT_LootSourceDefinition_Quest.json#QuestArmourHoneySet
SW.Quest.Loot.Armour.HoneySet,Quest.Loot.Armour.HoneySet,任务,SW.LootSlot.SpecialGear,2,0,,False,SW.Item.HoneyLeggings,1,Set,DT_LootSourceDefinition_Quest.json#QuestArmourHoneySet
SW.Quest.Loot.Armour.HoneySet,Quest.Loot.Armour.HoneySet,任务,SW.LootSlot.SpecialGear,2,0,,False,SW.Item.HoneyBoots,1,Set,DT_LootSourceDefinition_Quest.json#QuestArmourHoneySet
